epoch,learning_rate_feature,learning_rate_classifier,learning_rate_discriminator,epoch_time,accuracy,precision,recall,f1,auc,sensitivity,specificity,precision_neutrino,precision_muon,true_positives,true_negatives,false_positives,false_negatives,total_neutrinos,total_muons,loss,positive_class_ratio,class_balance,classification_loss,domain_loss,total_loss,domain_accuracy,lambda_factor,domain_utilization,source_muons_avg,target_events_avg,domain_batch_size_avg,val_accuracy,val_precision,val_recall,val_f1,val_auc,val_sensitivity,val_specificity,val_precision_neutrino,val_precision_muon,val_true_positives,val_true_negatives,val_false_positives,val_false_negatives,val_total_neutrinos,val_total_muons,val_loss,val_positive_class_ratio,val_class_balance,val_domain_loss,val_domain_accuracy,val_domain_utilization,val_source_muons_val,val_target_events_val,val_domain_batch_size_val
0,0.0004998768868112501,0.0009997535269026829,0.001999506807085549,286.6364276409149,0.6268928571428571,0.6646911075091869,0.5117577293316885,0.5782840719181677,0.6811808002366637,0.5117577293316885,0.7419698837912336,0.6646911075091869,0.6032443353795895,107442,155853,54200,102505,209947,210053,0.627327741136214,0.4998738095238095,0.9994953654553851,0.627327741136214,0.6819040379628775,1.3092317790990915,0.5829567801792642,0.0,0.9829963416059334,255.8501827040195,255.78562728380024,251.36297198538367,0.7085555555555556,0.6965194935544241,0.7397865701309229,0.7175013462574045,0.8032757145557385,0.7397865701309229,0.6772877361112655,0.6965194935544241,0.7222031225919647,66620,60920,29027,23433,90053,89947,0.561225484717976,0.5002944444444445,0.9988229153942677,0.6940806125375357,0.5134993982078,0.9841973284180756,255.53125,255.6818181818182,251.46875
1,0.0004995076687428538,0.0009990143508499217,0.0019980277150640578,287.1792576313019,0.7069785714285715,0.7419299144537516,0.6345172829333118,0.6840325649103078,0.7887214089459963,0.6345172829333118,0.7794032934545091,0.7419299144537516,0.6808790258184722,133215,163716,46337,76732,209947,210053,0.5369840660353671,0.4998738095238095,0.9994953654553851,0.5369840660353671,0.47752025149916905,1.014504317534536,0.8056508621765839,0.049958374957880025,0.9829862139516882,255.8501827040195,255.78562728380024,251.34470158343484,0.7731055555555556,0.7620447284345048,0.7945987362997347,0.7779813321881133,0.8703417639246933,0.7945987362997347,0.7515870457046928,0.7620447284345048,0.7851684088269454,71556,67603,22344,18497,90053,89947,0.4751341143961657,0.5002944444444445,0.9988229153942677,0.7558602160689506,0.44119915239174257,0.9841973284180756,255.53125,255.6818181818182,251.46875
2,0.0004988927101684685,0.0009977832013192385,0.0019955641836207788,286.8430914878845,0.7430761904761904,0.7742025636202402,0.6861350721848848,0.7275133076775451,0.8309129363159737,0.6861350721848848,0.7999885743121974,0.7742025636202402,0.7183191912283327,144052,168040,42013,65895,209947,210053,0.4903393275990411,0.4998738095238095,0.9994953654553851,0.4903393275990411,0.27549677231461356,0.7658360999136546,0.9087557103689057,0.0996679946249559,0.9829977800082028,255.8501827040195,255.78562728380024,251.3593179049939,0.7939388888888889,0.7570821117216473,0.8659789235228144,0.8078773846337131,0.8994792666836123,0.8659789235228144,0.7218139571080747,0.7570821117216473,0.8432475257812297,77984,64925,25022,12069,90053,89947,0.5554357662966306,0.5002944444444445,0.9988229153942677,0.8912764929912307,0.5001808317716826,0.9841973284180756,255.53125,255.6818181818182,251.46875
3,0.0004980326179779623,0.0009960612933065818,0.0019921186439638213,287.2307822704315,0.7664261904761904,0.7930698361789769,0.720810490266591,0.7552156500692426,0.856264131819636,0.720810490266591,0.8120188714276872,0.7930698361789769,0.7442425670427869,151332,170567,39486,58615,209947,210053,0.45826408023810994,0.4998738095238095,0.9994953654553851,0.45826408023810994,0.15935971565435705,0.617623795892467,0.9477700371109176,0.14888503362331806,0.9833273876199133,255.8501827040195,255.78562728380024,251.44336175395858,0.7883277777777777,0.727799701832851,0.9215795142860316,0.8133063508474493,0.9150845940706945,0.9215795142860316,0.6549190078601843,0.727799701832851,0.8929513415188722,82991,58908,31039,7062,90053,89947,0.5683066238733855,0.5002944444444445,0.9988229153942677,1.4147534248503773,0.49999999593604694,0.9841973284180756,255.53125,255.6818181818182,251.46875
4,0.0004969282409784869,0.0009938503261272714,0.001987694496424841,287.15542221069336,0.7850714285714285,0.8091071105715836,0.7460501936202947,0.7763002686280146,0.8752940750158971,0.7460501936202947,0.8240729720594326,0.8091071105715836,0.7645209018837091,156631,173099,36954,53316,209947,210053,0.43197951675477764,0.4998738095238095,0.9994953654553851,0.43197951675477764,0.10896976743955233,0.54094928419433,0.9657724817327692,0.197375320224904,0.9827547251323188,255.8501827040195,255.78562728380024,251.29719853836784,0.8153444444444444,0.7592989822463603,0.9237338012059565,0.833483627910705,0.9290864823214727,0.9237338012059565,0.7068273538861775,0.7592989822463603,0.9025055007452623,83185,63577,26370,6868,90053,89947,0.5339853803373196,0.5002944444444445,0.9988229153942677,1.6617600799284198,0.49999999593604694,0.9841973284180756,255.53125,255.6818181818182,251.46875
5,0.0004955806690568079,0.00099115248173898,0.001982296107103325,294.3799698352814,0.801354761904762,0.8206183476938672,0.7711851086226524,0.7951341569121442,0.8898700065679104,0.7711851086226524,0.8315091905376262,0.8206183476938672,0.7842882801975752,161908,174661,35392,48039,209947,210053,0.40944465294244375,0.4998738095238095,0.9994953654553851,0.40944465294244375,0.07944680499672963,0.4888914579391734,0.9767777095758668,0.2449186624037092,0.9832533759136595,255.8501827040195,255.78562728380024,251.4202192448234,0.8463611111111111,0.7924814849535952,0.9387138684996613,0.8594216232977333,0.9495126924297721,0.9387138684996613,0.7538995186054009,0.7924814849535952,0.9247374880676394,84534,67811,22136,5519,90053,89947,0.49509540174833755,0.5002944444444445,0.9988229153942677,1.1305547282099724,0.5133529659360647,0.9841973284180756,255.53125,255.6818181818182,251.46875
6,0.0004939912321037176,0.0009879704225884043,0.0019759288035577785,290.16009521484375,0.814197619047619,0.8299927952448616,0.7901470371093657,0.8095799324085258,0.9016959231488402,0.7901470371093657,0.8382360642314083,0.8299927952448616,0.7998564497665037,165889,176074,33979,44058,209947,210053,0.3901367624189328,0.4998738095238095,0.9994953654553851,0.3901367624189328,0.07419165651439877,0.46432841893333154,0.9777529369608638,0.2913126124515908,0.9830347471143114,255.8501827040195,255.78562728380024,251.35566382460414,0.8401777777777778,0.7799808122801407,0.9479417676257316,0.8557980531133145,0.9505040378970175,0.9479417676257316,0.7322867911103205,0.7799808122801407,0.9335553823258451,85365,65867,24080,4688,90053,89947,0.46396823481402616,0.5002944444444445,0.9988229153942677,1.6062735752625898,0.49999999593604694,0.9841973284180756,255.53125,255.6818181818182,251.46875
7,0.0004921614987015935,0.0009843072889837512,0.001968598869548067,288.4307312965393,0.825002380952381,0.8366858473898754,0.8075419034327711,0.821855587145312,0.9109943530154906,0.8075419034327711,0.8424540473118689,0.8366858473898754,0.8141107624927542,169541,176960,33093,40406,209947,210053,0.373057488619773,0.4998738095238095,0.9994953654553851,0.373057488619773,0.07521994152059835,0.44827743014037136,0.9768086464919068,0.3363755443363323,0.9828249970494645,255.8501827040195,255.78562728380024,251.30694275274055,0.8452222222222222,0.783957775931185,0.9533496940690482,0.8603956625443466,0.9531383051685801,0.9533496940690482,0.7369673252026193,0.783957775931185,0.9404020485465817,85852,66288,23659,4201,90053,89947,0.4462037336250598,0.5002944444444445,0.9988229153942677,1.2674488269469955,0.49999999593604694,0.9841973284180756,255.53125,255.6818181818182,251.46875
8,0.0004900932745763975,0.000980166695995633,0.001960313538834105,287.7954959869385,0.832197619047619,0.8424492722308433,0.8171252744740339,0.8295940597171547,0.9176550333717232,0.8171252744740339,0.847262357595464,0.8424492722308433,0.8225490377327097,171553,177970,32083,38394,209947,210053,0.35987707801916424,0.4998738095238095,0.9994953654553851,0.35987707801916424,0.027492117872359584,0.3873691958915238,0.9937166436581025,0.379948962255225,0.9827421403133564,255.8501827040195,255.78562728380024,251.28745432399512,0.8728777777777778,0.8252360431898513,0.9463093955781595,0.8816354400521421,0.9615933051377277,0.9463093955781595,0.7993596228890346,0.8252360431898513,0.9369909428552812,85218,71900,18047,4835,90053,89947,0.3517170262268998,0.5002944444444445,0.9988229153942677,2.549538027156483,0.49999999593604694,0.9841973284180756,255.53125,255.6818181818182,251.46875
9,0.00048778860081564096,0.0009755527298894294,0.0019510809880370062,286.8695635795593,0.8398,0.848834877863902,0.8267515134772109,0.8376476719944406,0.9233453198566213,0.8267515134772109,0.8528419018057347,0.848834877863902,0.8312275247662576,173574,179142,30911,36373,209947,210053,0.3484765695959293,0.4998738095238095,0.9994953654553851,0.3484765695959293,0.0228312192646385,0.3713077888605678,0.9942284083395434,0.4218990052500078,0.9825778048497164,255.8501827040195,255.78562728380024,251.24969549330086,0.8678666666666667,0.8160211351562724,0.9500960545456565,0.8779694410524264,0.9603327024783409,0.9500960545456565,0.7855403737756679,0.8160211351562724,0.9402003965349762,85559,70657,19290,4494,90053,89947,0.4025670750574632,0.5002944444444445,0.9988229153942677,2.118839172477072,0.49999999593604694,0.9841973284180756,255.53125,255.6818181818182,251.46875
10,0.0004852497518540794,0.0009704699440926358,0.0019409103285697486,287.94787192344666,0.8437095238095238,0.8522022249232406,0.8315574883184804,0.8417532930898151,0.9266220328657889,0.8315574883184804,0.8558554269636711,0.8522022249232406,0.8356225510019104,174583,179775,30278,35364,209947,210053,0.34137268881704863,0.4998738095238095,0.9994953654553851,0.34137268881704863,0.0469774724101709,0.38835016122721955,0.9871702535434124,0.4621171572600098,0.9830989519219704,255.8501827040195,255.78562728380024,251.38733252131547,0.8742,0.823096906544475,0.9534718443583223,0.883500540206822,0.9656342283292033,0.9534718443583223,0.7948347360112066,0.823096906544475,0.9446375011561381,85863,71493,18454,4190,90053,89947,0.369929468343881,0.5002944444444445,0.9988229153942677,2.439882485026663,0.49999999593604694,0.9841973284180756,255.53125,255.6818181818182,251.46875
11,0.00048247923322911887,0.0009649233547011817,0.0019298115976453074,286.52629041671753,0.8473095238095238,0.8560976443639099,0.834877373813391,0.8453543610890063,0.929925537679384,0.834877373813391,0.8597354001133047,0.8560976443639099,0.8389506496885119,175280,180590,29463,34667,209947,210053,0.3341224929737551,0.4998738095238095,0.9994953654553851,0.3341224929737551,0.023963232543977402,0.3580857255177325,0.9934518149941615,0.5005202111902354,0.9823913937229536,255.8501827040195,255.78562728380024,251.19244823386114,0.8817722222222222,0.841883910994452,0.9402796131167201,0.8883654809553535,0.9626318436460308,0.9402796131167201,0.8231958820194114,0.841883910994452,0.9322857646495933,84675,74044,15903,5378,90053,89947,0.35028848936781287,0.5002944444444445,0.9988229153942677,2.560889781876044,0.49999999593604694,0.9841973284180756,255.53125,255.6818181818182,251.46875
12,0.0004794797791081534,0.0009589184355291487,0.001917795748371139,294.1248691082001,0.8506238095238096,0.8571075089877882,0.8414552244137806,0.8492092486660577,0.9323655144334406,0.8414552244137806,0.8597877678490666,0.8571075089877882,0.8443757685132803,176661,180601,29452,33286,209947,210053,0.32890490467016936,0.4998738095238095,0.9994953654553851,0.32890490467016936,0.03727605380543284,0.3661809584756022,0.988920330057481,0.5370495669980351,0.9823795959304034,255.8501827040195,255.78562728380024,251.1875761266748,0.8658055555555556,0.8117454490406085,0.9527167334791734,0.8765996577179493,0.9615777249471396,0.9527167334791734,0.7787919552625435,0.8117454490406085,0.9426979598428163,85795,70050,19897,4258,90053,89947,0.39523604715412314,0.5002944444444445,0.9988229153942677,2.5181378891522233,0.49999999593604694,0.9841973284180756,255.53125,255.6818181818182,251.46875
13,0.00047625434959027205,0.000952461112706777,0.0019048746389397867,289.79901003837585,0.8533928571428572,0.86087248387442,0.8429413137601395,0.851812543770351,0.9346800611681698,0.8429413137601395,0.8638391263157393,0.86087248387442,0.8462220066596402,176973,181452,28601,32974,209947,210053,0.32344478913259567,0.4998738095238095,0.9994953654553851,0.32344478913259567,0.019433830925416604,0.34287862005801223,0.9947810051066577,0.5716699660851172,0.9832044771940857,255.8501827040195,255.78562728380024,251.41047503045067,0.8664277777777778,0.8126243203819122,0.9526834197639168,0.8770977421317099,0.9624369478994306,0.9526834197639168,0.7800704859528389,0.8126243203819122,0.9427485018676269,85792,70165,19782,4261,90053,89947,0.40126913015476684,0.5002944444444445,0.9988229153942677,2.363962432877584,0.49999999593604694,0.9841973284180756,255.53125,255.6818181818182,251.46875
14,0.00047280612778499796,0.00094555775883209,0.0018910610209262738,287.07031869888306,0.8555642857142857,0.8603700163185694,0.8488094614355052,0.8545506422137132,0.9362996782554602,0.8488094614355052,0.8623157012753924,0.8603700163185694,0.8508883189116566,178205,181132,28921,31742,209947,210053,0.3198121535647366,0.4998738095238095,0.9994953654553851,0.3198121535647366,0.01917238141881953,0.3389845349835561,0.9939364841736481,0.6043677771171636,0.9832583253710679,255.8501827040195,255.78562728380024,251.42752740560292,0.8805888888888889,0.8357476566861576,0.9475420030426527,0.88814063866106,0.9664192866878736,0.9475420030426527,0.8135568723804018,0.8357476566861576,0.9393589299238777,85329,73177,16770,4724,90053,89947,0.36541561591862276,0.5002944444444445,0.9988229153942677,2.5741583555936813,0.49999999593604694,0.9841973284180756,255.53125,255.6818181818182,251.46875
15,0.0004691385166709441,0.0009382151866819101,0.0018763685267038418,288.1179597377777,0.8581666666666666,0.8647112180404445,0.8491095371689046,0.8568393630469159,0.938138072148069,0.8491095371689046,0.8672192256240092,0.8647112180404445,0.8518572210193555,178268,182162,27891,31679,209947,210053,0.31512587589192476,0.4998738095238095,0.9994953654553851,0.31512587589192476,0.010722729996817774,0.32584860588874254,0.9974669448931528,0.6351489523872873,0.9819911161397616,255.8501827040195,255.78562728380024,251.0791717417783,0.8907444444444444,0.8527498521584861,0.9447547555328529,0.8963976778244882,0.968246111025102,0.9447547555328529,0.8366704837293073,0.8527498521584861,0.9379915494011043,85078,75256,14691,4975,90053,89947,0.32607956958765333,0.5002944444444445,0.9988229153942677,2.714589323509823,0.49999999593604694,0.9841973284180756,255.53125,255.6818181818182,251.46875
16,0.0004652551357374841,0.0009304406424884702,0.001860811655990442,287.5219931602478,0.8607952380952381,0.866805174175614,0.852519921694523,0.859603202428236,0.9395905495988629,0.852519921694523,0.8690663784854299,0.866805174175614,0.8549830689466216,178984,182550,27503,30963,209947,210053,0.31181544101775494,0.4998738095238095,0.9994953654553851,0.31181544101775494,0.024288276217375337,0.3361037172351303,0.9933695184763398,0.6640367702678489,0.9829703493350432,255.8501827040195,255.78562728380024,251.35444579780756,0.88685,0.8466758203490339,0.9449546378243923,0.8931197162033806,0.9675980791954326,0.9449546378243923,0.8286768875004169,0.8466758203490339,0.9376430925604449,85096,74537,15410,4957,90053,89947,0.3536392020654272,0.5002944444444445,0.9988229153942677,1.7381348664110357,0.49999999593604694,0.9841973284180756,255.53125,255.6818181818182,251.46875
17,0.00046115981741275293,0.000922241798788257,0.0018444057615392645,288.573162317276,0.8627833333333333,0.8689861335865657,0.8542965605605224,0.8615787387863431,0.9410779497276182,0.8542965605605224,0.8712658233874307,0.8689861335865657,0.8567897304332357,179357,183012,27041,30590,209947,210053,0.30817809517650746,0.4998738095238095,0.9994953654553851,0.30817809517650746,0.012428838657141504,0.32060693383364897,0.9963181571315761,0.6910694698329305,0.9821526484181962,255.8501827040195,255.78562728380024,251.13154689403166,0.8825722222222222,0.8331464150359656,0.9569253661732535,0.89075638938419,0.9701534311927145,0.9569253661732535,0.8081314551902787,0.8331464150359656,0.9493391495141573,86174,72689,17258,3879,90053,89947,0.34135636196217756,0.5002944444444445,0.9988229153942677,2.9617941731756385,0.49999999593604694,0.9841973284180756,255.53125,255.6818181818182,251.46875
18,0.0004568566032815033,0.0009136267468501441,0.001827167033987425,286.83178305625916,0.8638928571428571,0.8711724406005539,0.8540060110408817,0.8625038183361916,0.9422344003568353,0.8540060110408817,0.8737747140007522,0.8711724406005539,0.8568980811429106,179296,183539,26514,30651,209947,210053,0.3049511882441343,0.4998738095238095,0.9994953654553851,0.3049511882441343,0.011562947592222735,0.316514135836357,0.9965454729117371,0.7162978701990246,0.9824582397124156,255.8501827040195,255.78562728380024,251.20462850182705,0.8883166666666666,0.8447103349037078,0.9517284265932284,0.8950317207529437,0.9697937845247828,0.9517284265932284,0.8248301777713543,0.8447103349037078,0.9446509969696198,85706,74191,15756,4347,90053,89947,0.33593071171675215,0.5002944444444445,0.9988229153942677,2.8511550230058758,0.49999999593604694,0.9841973284180756,255.53125,255.6818181818182,251.46875
19,0.00045234974009654953,0.0009046039886902867,0.0018091124858777604,288.04227900505066,0.8653928571428572,0.8711269377407056,0.8575878674141569,0.8643043844553093,0.9430325600902145,0.8575878674141569,0.8731939082041199,0.8711269377407056,0.8598370492602524,180048,183417,26636,29899,209947,210053,0.3032225886048992,0.4998738095238095,0.9994953654553851,0.3032225886048992,0.018483355097573626,0.3217059437024728,0.9957952743325832,0.7397830512740042,0.9830688013791197,255.8501827040195,255.78562728380024,251.36662606577346,0.8929944444444444,0.8575497999919188,0.9427115143304499,0.8981163613666299,0.9685578234788796,0.9427115143304499,0.843218784395255,0.8575497999919188,0.9363117870722434,84894,75845,14102,5159,90053,89947,0.3052631385031749,0.5002944444444445,0.9988229153942677,2.505880418826233,0.49999999593604694,0.9841973284180756,255.53125,255.6818181818182,251.46875
20,0.00044764367558773485,0.0008951824286816577,0.0017902599348695028,287.5829224586487,0.867352380952381,0.874620485293046,0.8575735780935189,0.8660131504898967,0.9444805817697496,0.8575735780935189,0.8771262490895155,0.874620485293046,0.8603656401036681,180045,184243,25810,29902,209947,210053,0.29937195405817785,0.4998738095238095,0.9994953654553851,0.29937195405817785,0.030454612792079335,0.3298265668502572,0.9930285663320144,0.7615941559557646,0.9819313190047945,255.8501827040195,255.78562728380024,251.06577344701583,0.8923333333333333,0.8523467179850233,0.9492298979489856,0.8981832701137952,0.9708077629011118,0.9492298979489856,0.8353697177226589,0.8523467179850233,0.9426427971045401,85481,75139,14808,4572,90053,89947,0.3366419988769022,0.5002944444444445,0.9988229153942677,2.299014924602075,0.49999999593604694,0.9841973284180756,255.53125,255.6818181818182,251.46875
21,0.0004427430540725596,0.0008853713647665071,0.0017706279861544017,287.19093561172485,0.8691952380952381,0.8746115141643265,0.8618889529262147,0.8682036272910469,0.9457612542209379,0.8618889529262147,0.8764978362603724,0.8746115141643265,0.8639368955501228,180951,184111,25942,28996,209947,210053,0.2962778467825647,0.4998738095238095,0.9994953654553851,0.2962778467825647,0.016398831972955576,0.31267667875552024,0.995133448024615,0.7818063576087741,0.982662151032902,255.8501827040195,255.78562728380024,251.26431181485992,0.9028,0.8738163195911344,0.9417009983010005,0.9064895083964896,0.9721927456653607,0.9417009983010005,0.863853157970805,0.8738163195911344,0.9367096237537823,84803,77701,12246,5250,90053,89947,0.2764683381061662,0.5002944444444445,0.9988229153942677,2.1651066677136854,0.49999999593604694,0.9841973284180756,255.53125,255.6818181818182,251.46875
22,0.0004376527118727998,0.0008751804792804149,0.0017502360140956446,286.75593757629395,0.8695357142857143,0.8743545694073137,0.8630225723635012,0.8686516145579891,0.94625685752915,0.8630225723635012,0.8760455694515193,0.8743545694073137,0.8648425089531616,181189,184016,26037,28758,209947,210053,0.2947711078642928,0.4998738095238095,0.9994953654553851,0.2947711078642928,0.009491094648974168,0.3042622025132669,0.9976120328351438,0.8004990217606296,0.9822263934255466,255.8501827040195,255.78562728380024,251.13885505481122,0.8849555555555556,0.8402633980706385,0.9507956425660444,0.8921188630490956,0.9681307816023907,0.9507956425660444,0.8190378778614072,0.8402633980706385,0.9432657712449264,85622,73670,16277,4431,90053,89947,0.3617844581604004,0.5002944444444445,0.9988229153942677,2.757273657078093,0.49999999593604694,0.9841973284180756,255.53125,255.6818181818182,251.46875
23,0.00043237767254164234,0.0008646198293969954,0.0017291041431077012,287.29599952697754,0.8705738095238095,0.8757474473285097,0.8636131976165413,0.86963799657062,0.9468032019517051,0.8636131976165413,0.8775309088658577,0.8757474473285097,0.8655440876776138,181313,184328,25725,28634,209947,210053,0.2935373468753336,0.4998738095238095,0.9994953654553851,0.2935373468753336,0.02149616707392586,0.3150335139492595,0.994985872151355,0.8177540779702877,0.9829565523345744,255.8501827040195,255.78562728380024,251.34713763702803,0.8940888888888889,0.8552540710418064,0.9488967607964199,0.8996451996673089,0.9716860092550617,0.9488967607964199,0.8392164274517215,0.8552540710418064,0.942537490479104,85451,75485,14462,4602,90053,89947,0.3197937620465051,0.5002944444444445,0.9988229153942677,2.45884077928283,0.49999999593604694,0.9841973284180756,255.53125,255.6818181818182,251.46875
24,0.0004269231419060437,0.0008536998372026807,0.0017072532277959546,288.82066893577576,0.8725357142857143,0.8787875852448853,0.8642085859764608,0.8714371138130357,0.9480626207394082,0.8642085859764608,0.8808586404383656,0.8787875852448853,0.8664908961486588,181438,185027,25026,28509,209947,210053,0.2898694642713967,0.4998738095238095,0.9994953654553851,0.2898694642713967,0.005916383791114822,0.29578584806251157,0.9989763125867994,0.8336546070121553,0.9833114033937507,255.8501827040195,255.78562728380024,251.4323995127893,0.89355,0.8605166802278275,0.939513397665819,0.8982816008663662,0.9688764545770321,0.939513397665819,0.8475324357677299,0.8605166802278275,0.9333129285014692,84606,76233,13714,5447,90053,89947,0.3275440347126939,0.5002944444444445,0.9988229153942677,2.6272175393321295,0.49999999593604694,0.9841973284180756,255.53125,255.6818181818182,251.46875
25,0.00042129450292920795,0.0008424312794113804,0.0016847048323757247,287.9007189273834,0.8731642857142857,0.8782215312714245,0.8664043782478436,0.8722729332556484,0.9485376775156993,0.8664043782478436,0.8799207818979019,0.8782215312714245,0.8682437828239649,181899,184830,25223,28048,209947,210053,0.28875158605563944,0.4998738095238095,0.9994953654553851,0.28875158605563944,0.005758745804112563,0.294510331859752,0.9986111556568913,0.8482836399575131,0.9827429933896495,255.8501827040195,255.78562728380024,251.28623629719854,0.8908333333333334,0.8514561846663804,0.9470089835985476,0.8966942148760331,0.9705523764545215,0.9470089835985476,0.8345914816503052,0.8514561846663804,0.9402312095289388,85281,75069,14878,4772,90053,89947,0.32459598275917495,0.5002944444444445,0.9988229153942677,2.7699189971793783,0.49999999593604694,0.9841973284180756,255.53125,255.6818181818182,251.46875
26,0.00041549731039825123,0.0008308252767291644,0.0016614812093909905,287.8092749118805,0.8744952380952381,0.880340391769834,0.8667377957293984,0.8734861394455778,0.949435752584241,0.8667377957293984,0.8822487657876822,0.880340391769834,0.8688307852431117,181969,185319,24734,27978,209947,210053,0.28603323221424465,0.4998738095238095,0.9994953654553851,0.28603323221424465,0.021615322561873335,0.30764855477611797,0.9941272471331505,0.8617231593133066,0.9826701062806253,255.8501827040195,255.78562728380024,251.2679658952497,0.8856444444444445,0.8430466257789893,0.9478973493387227,0.8924027474308176,0.969380697159306,0.9478973493387227,0.8233181762593528,0.8430466257789893,0.9404167777820107,85361,74055,15892,4692,90053,89947,0.34342047838832845,0.5002944444444445,0.9988229153942677,2.885311271656643,0.49999999593604694,0.9841973284180756,255.53125,255.6818181818182,251.46875
27,0.0004095372854422982,0.0008188932828794708,0.001637605277753816,287.34262561798096,0.8741738095238095,0.8807266523197426,0.8654946248338866,0.873044205226023,0.9495782530241568,0.8654946248338866,0.8828486143973188,0.8807266523197426,0.8678469141348908,181708,185445,24608,28239,209947,210053,0.28600633946609266,0.4998738095238095,0.9994953654553851,0.28600633946609266,0.015272545628107849,0.3012788850942005,0.9957223387205935,0.874053287886007,0.9826613581065036,255.8501827040195,255.78562728380024,251.2777101096224,0.8957333333333334,0.8578456472194612,0.9488190287941546,0.9010418863626777,0.9721929127024558,0.9488190287941546,0.8425850778791956,0.8578456472194612,0.9426719902483923,85444,75788,14159,4609,90053,89947,0.3034855822439898,0.5002944444444445,0.9988229153942677,2.9381378570740875,0.49999999593604694,0.9841973284180756,255.53125,255.6818181818182,251.46875
28,0.0004034203098864177,0.0008066470732996621,0.0016131006001261507,287.53988242149353,0.8768642857142858,0.8830975139699971,0.8686573278017785,0.8758179037172749,0.95109176706614,0.8686573278017785,0.885067102112324,0.8830975139699971,0.8708346214740077,182372,185911,24142,27575,209947,210053,0.28157490263176893,0.4998738095238095,0.9994953654553851,0.28157490263176893,0.007542684811097088,0.28911758744286603,0.9987612467590407,0.8853516482022625,0.9830136170169933,255.8501827040195,255.78562728380024,251.35688185140074,0.8945388888888889,0.85883790443107,0.9444327229520394,0.8996038734722156,0.9712545942906365,0.9444327229520394,0.8445862563509622,0.85883790443107,0.9382008595563899,85049,75968,13979,5004,90053,89947,0.3050175826911899,0.5002944444444445,0.9988229153942677,3.14664280008186,0.49999999593604694,0.9841973284180756,255.53125,255.6818181818182,251.46875
29,0.00039715242044697217,0.0007940987335200907,0.0015879913596663277,286.7336881160736,0.8778071428571429,0.8845292349461844,0.8689955083902128,0.8766935683445978,0.9514358114984852,0.8689955083902128,0.8866143306689264,0.8845292349461844,0.871320295686348,182443,186236,23817,27504,209947,210053,0.28079013818654885,0.4998738095238095,0.9994953654553851,0.28079013818654885,0.006874443043403931,0.2876645812299528,0.9982471094352174,0.8956928738431646,0.9829944757468544,255.8501827040195,255.78562728380024,251.35444579780756,0.89085,0.8517626603781127,0.9465648007284599,0.896664895939073,0.9705519990469834,0.9465648007284599,0.8350695409518939,0.8517626603781127,0.9397928031630048,85241,75112,14835,4812,90053,89947,0.3286815150640905,0.5002944444444445,0.9988229153942677,2.9452711513096634,0.49999999593604694,0.9841973284180756,255.53125,255.6818181818182,251.46875
30,0.0003907398027741067,0.0007812606472371396,0.0015623023361632054,288.9234571456909,0.8779690476190476,0.8842730257741445,0.869695685101478,0.876923778855182,0.9521267546377337,0.869695685101478,0.8862382351120908,0.8842730257741445,0.8718725704169281,182590,186157,23896,27357,209947,210053,0.2787865487797397,0.4998738095238095,0.9994953654553851,0.2787865487797397,0.00787304226902056,0.28665959104876026,0.9975679696840433,0.9051482536448667,0.9829256153166774,255.8501827040195,255.78562728380024,251.34226552984165,0.8944388888888889,0.8573037776079173,0.9465536961567077,0.8997208163351471,0.9716526200459519,0.9465536961567077,0.8422626657920775,0.8573037776079173,0.9402646080524252,85240,75759,14188,4813,90053,89947,0.3158012278039347,0.5002944444444445,0.9988229153942677,2.8685907017100942,0.49999999593604694,0.9841973284180756,255.53125,255.6818181818182,251.46875
31,0.0003841887853472597,0.0007681454840920091,0.0015360588815815077,287.7633521556854,0.8788547619047619,0.8854202002384253,0.8702672579270007,0.8777783382696654,0.9524564741712072,0.8702672579270007,0.887437932331364,0.8854202002384253,0.8725134100334198,182710,186409,23644,27237,209947,210053,0.2778435373059434,0.4998738095238095,0.9994953654553851,0.2778435373059434,0.0095597890728345,0.2874033263787779,0.9985758075615375,0.9137854901178277,0.9824221588550752,255.8501827040195,255.78562728380024,251.20341047503044,0.9081444444444444,0.8865962033969607,0.9361376078531531,0.9106936447406799,0.9735225579783784,0.9361376078531531,0.8801182918829977,0.8865962033969607,0.9322734499205088,84302,79164,10783,5751,90053,89947,0.2535394312898544,0.5002944444444445,0.9988229153942677,3.0211499936201354,0.49999999593604694,0.9841973284180756,255.53125,255.6818181818182,251.46875
32,0.00037750583322971774,0.0007547661871673109,0.0015092868950424968,288.5665457248688,0.880095238095238,0.8860745407128929,0.8722820521369679,0.8791242025221662,0.9532862281696376,0.8722820521369679,0.8879044812499702,0.8860745407128929,0.874302108090624,183133,186507,23546,26814,209947,210053,0.2753182817863053,0.4998738095238095,0.9994953654553851,0.2753182817863053,0.008941021538311196,0.2842593033246165,0.997559560201926,0.9216685544064713,0.98354143310822,255.8501827040195,255.78562728380024,251.49695493300854,0.8824666666666666,0.8328839928492052,0.9571141438930407,0.890688133596503,0.9708827742851498,0.9571141438930407,0.8077312194959254,0.8328839928492052,0.9495262366856172,86191,72653,17294,3862,90053,89947,0.3839418569749052,0.5002944444444445,0.9988229153942677,2.2076422687281263,0.49999999593604694,0.9841973284180756,255.53125,255.6818181818182,251.46875
33,0.00037069754168837804,0.0007411359602138072,0.001482012797264665,288.5232512950897,0.8802,0.8860913185021791,0.8725011550534183,0.8792437253104345,0.9533382162681869,0.8725011550534183,0.8878949598434681,0.8860913185021791,0.8744895040628677,183179,186505,23548,26768,209947,210053,0.2751907281187362,0.4998738095238095,0.9994953654553851,0.2751907281187362,0.010422361231081178,0.2856130893498174,0.9970175645673754,0.9288576214547277,0.9827731357428191,255.8501827040195,255.78562728380024,251.29719853836784,0.8998166666666667,0.8653463739296294,0.9471311338878217,0.9043935594352577,0.9734091276304,0.9471311338878217,0.8524464406817348,0.8653463739296294,0.9415369124220246,85292,76675,13272,4761,90053,89947,0.2847631032663313,0.5002944444444445,0.9988229153942677,2.913123405115171,0.49999999593604694,0.9841973284180756,255.53125,255.6818181818182,251.46875
34,0.000363770629685017,0.000727268254619904,0.0014542635044896776,287.1624581813812,0.8810619047619047,0.8864733249271708,0.8739920075066564,0.8801884213000494,0.9539973197228677,0.8739920075066564,0.8881282343027712,0.8864733249271708,0.8758033698106653,183492,186554,23499,26455,209947,210053,0.2734760842064847,0.4998738095238095,0.9994953654553851,0.2734760842064847,0.007228077782857392,0.2807041619893421,0.9979591622277096,0.9354090706030991,0.9833859673959814,255.8501827040195,255.78562728380024,251.47015834348355,0.8940333333333333,0.8525225234174009,0.9530609752034913,0.8999926596268993,0.9733250888975524,0.9530609752034913,0.8349361290537761,0.8525225234174009,0.9467142334892281,85826,75100,14847,4227,90053,89947,0.31645262910222466,0.5002944444444445,0.9988229153942677,3.213890927081758,0.49999999593604694,0.9841973284180756,255.53125,255.6818181818182,251.46875
35,0.0003567319332454857,0.0007131767561367542,0.0014260664019192907,289.17794728279114,0.8821523809523809,0.8875197441830135,0.8751589686920985,0.881296016499988,0.9545966273120617,0.8751589686920985,0.8891422640952521,0.8875197441830135,0.8769350681059457,183737,186767,23286,26210,209947,210053,0.2716474478449514,0.4998738095238095,0.9994953654553851,0.2716474478449514,0.01251647327448061,0.28416392111943195,0.9969423848150999,0.9413755384972873,0.9830497578836134,255.8501827040195,255.78562728380024,251.36297198538367,0.8981111111111111,0.8591504151767381,0.9524946420441296,0.9034177681815788,0.9742588665670564,0.9524946420441296,0.8436634907223143,0.8591504151767381,0.9466337337674489,85775,75885,14062,4278,90053,89947,0.31759180407971144,0.5002944444444445,0.9988229153942677,2.1514184061776507,0.49999999593604694,0.9841973284180756,255.53125,255.6818181818182,251.46875
36,0.00034958839871337787,0.0006988753713720732,0.0013974493166894638,287.42554354667664,0.8821928571428571,0.8872147793521485,0.8756400424869134,0.8813894116095936,0.9547089530901915,0.8756400424869134,0.8887423650221611,0.8872147793521485,0.8773027181472988,183838,186683,23370,26109,209947,210053,0.2712717405117676,0.4998738095238095,0.9994953654553851,0.2712717405117676,0.0029759716241701023,0.27424771213593774,0.9996943444775896,0.9468060128462681,0.9822906391914553,255.8501827040195,255.78562728380024,251.15956151035323,0.9040888888888889,0.8699342352690052,0.9503847734112134,0.9083817145525754,0.9747838195268825,0.9503847734112134,0.85773844597374,0.8699342352690052,0.9452578443744716,85585,77151,12796,4468,90053,89947,0.2978669101457027,0.5002944444444445,0.9988229153942677,2.774979396977208,0.49999999593604694,0.9841973284180756,255.53125,255.6818181818182,251.46875
37,0.0003423470758948273,0.000684378214065997,0.0013684404904083364,287.7131485939026,0.8836214285714286,0.889568801215135,0.8759210657927953,0.8826921830788172,0.9555688043240991,0.8759210657927953,0.8913179054809977,0.889568801215135,0.8778566538818608,183897,187224,22829,26050,209947,210053,0.26887873806122886,0.4998738095238095,0.9994953654553851,0.26887873806122886,0.006287685022025792,0.2751664230832547,0.998248245771271,0.9517459571646616,0.9828349160165698,255.8501827040195,255.78562728380024,251.3154689403167,0.9044,0.8731087185896188,0.9464648595826902,0.9083081120252355,0.973995414932484,0.9464648595826902,0.8622855681679211,0.8731087185896188,0.9414792245784829,85232,77560,12387,4821,90053,89947,0.2891949397850443,0.5002944444444445,0.9988229153942677,3.0876346975564957,0.49999999593604694,0.9841973284180756,255.53125,255.6818181818182,251.46875
38,0.0003350151111012004,0.0006696995911625234,0.0013390685512851695,287.52342200279236,0.883697619047619,0.8896424286985798,0.8760020386097443,0.8827695446091078,0.9559007507964901,0.8760020386097443,0.8913893160297639,0.8896424286985798,0.8779352188754267,183914,187239,22814,26033,209947,210053,0.26787455487048,0.4998738095238095,0.9994953654553851,0.26787455487048,0.003450904112214497,0.2713254589826945,0.9993058594803572,0.9562374581277389,0.982595536142951,255.8501827040195,255.78562728380024,251.2436053593179,0.9076944444444445,0.876234681749252,0.9496296625320645,0.9114570288144355,0.9760377581098842,0.9496296625320645,0.8657098068862775,0.876234681749252,0.944954128440367,85517,77868,12079,4536,90053,89947,0.27230058318342676,0.5002944444444445,0.9988229153942677,3.1460518620230933,0.49999999593604694,0.9841973284180756,255.53125,255.6818181818182,251.46875
39,0.0003275997400965495,0.0006548539886902865,0.0013093624858777607,286.16597294807434,0.8845047619047619,0.8893718012416368,0.8781883046673684,0.8837446735082228,0.955997365031669,0.8781883046673684,0.8908180316396338,0.8893718012416368,0.8797609700366256,184373,187119,22934,25574,209947,210053,0.26750908761163866,0.4998738095238095,0.9994953654553851,0.26750908761163866,0.009184960240722791,0.27669404785236146,0.9971195836886129,0.9603193885318451,0.9827272392786871,255.8501827040195,255.78562728380024,251.2777101096224,0.9058,0.8748525656147117,0.9472088658900869,0.9095940369173678,0.9743535919702765,0.9472088658900869,0.8643423349305702,0.8748525656147117,0.9423750590916253,85299,77745,12202,4754,90053,89947,0.28685536413368856,0.5002944444444445,0.9988229153942677,3.0528865564953196,0.49999999593604694,0.9841973284180756,255.53125,255.6818181818182,251.46875
40,0.00032010828095678783,0.0006398560574665953,0.0012793516104862104,287.73341035842896,0.8854642857142857,0.891789563381782,0.8773261823222052,0.8844987502671139,0.9568625071049156,0.8773261823222052,0.893598282338267,0.891789563381782,0.8793439458816255,184192,187703,22350,25755,209947,210053,0.26490693805278726,0.4998738095238095,0.9994953654553851,0.26490693805278726,0.002605438141955401,0.26751237619474266,0.9995863478308619,0.9640275800758169,0.9831282160827548,255.8501827040195,255.78562728380024,251.3861144945189,0.9079111111111111,0.8817185308327705,0.9423450634626276,0.9110242729390546,0.9746230232982805,0.9423450634626276,0.8734365793189323,0.8817185308327705,0.938009671064414,84861,78563,11384,5192,90053,89947,0.2788668464953927,0.5002944444444445,0.9988229153942677,3.0641063546592537,0.49999999593604694,0.9841973284180756,255.53125,255.6818181818182,251.46875
41,0.0003125481268476313,0.0006247205986388451,0.0012490655422212728,296.2346541881561,0.8856642857142857,0.890597259745272,0.8792838192496202,0.8849043805889839,0.9572733523578424,0.8792838192496202,0.8920415323751625,0.890597259745272,0.8808574652124859,184603,187376,22677,25344,209947,210053,0.26385803257504276,0.4998738095238095,0.9994953654553851,0.26385803257504276,0.0024362054484585545,0.26629423802350133,0.9994890951936051,0.9673950012571182,0.9835880876841546,255.8501827040195,255.78562728380024,251.5225334957369,0.9042722222222223,0.8758981665014867,0.9421451811710881,0.9078146985025439,0.9739118822491947,0.9421451811710881,0.8663546310605134,0.8758981665014867,0.9373316012317167,84843,77926,12021,5210,90053,89947,0.27912212654270907,0.5002944444444445,0.9988229153942677,2.71033901585774,0.49999999593604694,0.9841973284180756,255.53125,255.6818181818182,251.46875
42,0.0003049267387284375,0.0006094625490775733,0.001218534169775845,294.60671639442444,0.8867571428571429,0.8922627243520062,0.8796743940137273,0.8859238436963341,0.9577293779084314,0.8796743940137273,0.8938363175008213,0.8922627243520062,0.8814074126235242,184685,187753,22300,25262,209947,210053,0.2621968508166024,0.4998738095238095,0.9994953654553851,0.2621968508166024,0.007444331858686572,0.26964118267528897,0.9984480676203784,0.9704519366134539,0.9828522949856926,255.8501827040195,255.78562728380024,251.32155907429964,0.9069611111111111,0.8785919391823497,0.9445548732413135,0.910380109917749,0.974964785577294,0.9445548732413135,0.8693230457936341,0.8785919391823497,0.9399778808934196,85060,78193,11754,4993,90053,89947,0.2846758062951267,0.5002944444444445,0.9988229153942677,3.354472895914858,0.49999999593604694,0.9841973284180756,255.53125,255.6818181818182,251.46875
43,0.0002972516379891384,0.0005940969666355698,0.0011877876239284324,295.07296109199524,0.8864452380952381,0.8917702508233613,0.8795838949830195,0.8856351537677597,0.9577748825938696,0.8795838949830195,0.8933031187366998,0.8917702508233613,0.8812663792374672,184666,187641,22412,25281,209947,210053,0.2621433788617839,0.4998738095238095,0.9994953654553851,0.2621433788617839,0.0023144629892615782,0.2644578418510455,0.9995263977550269,0.9732261643446702,0.983482135778332,255.8501827040195,255.78562728380024,251.47868453105968,0.9071722222222223,0.8806834696674002,0.9420896583123272,0.9103522279153365,0.9748301806540713,0.9420896583123272,0.8722136369195193,0.8806834696674002,0.9376703160109002,84838,78453,11494,5215,90053,89947,0.284143748185174,0.5002944444444445,0.9988229153942677,3.2699967941099946,0.49999999593604694,0.9841973284180756,255.53125,255.6818181818182,251.46875
44,0.0002895303990275377,0.0005786390152875956,0.0011568562478077114,295.43797636032104,0.8882404761904762,0.8942495598165742,0.880555568786408,0.8873497344478604,0.9585826410806948,0.880555568786408,0.8959215055247961,0.8942495598165742,0.8824155522628805,184870,188191,21862,25077,209947,210053,0.2597232427579622,0.4998738095238095,0.9994953654553851,0.2597232427579622,0.0034895543415716483,0.2632127970995338,0.9990676867250403,0.9757431300314514,0.9832955077669402,255.8501827040195,255.78562728380024,251.42630937880634,0.8993833333333333,0.8625962662795855,0.9502515185501871,0.904304728490888,0.9740492456301643,0.9502515185501871,0.8484552013963779,0.8625962662795855,0.9445517104807168,85573,76316,13631,4480,90053,89947,0.3242022558115423,0.5002944444444445,0.9988229153942677,3.772463358938694,0.49999999593604694,0.9841973284180756,255.53125,255.6818181818182,251.46875
45,0.00028177064177429406,0.0005631039501653703,0.001125770566947523,295.05122447013855,0.8881928571428571,0.8947587676806821,0.8798125241132285,0.8872227038788435,0.9584738790556264,0.8798125241132285,0.8965689611669436,0.8947587676806821,0.8818458512830119,184714,188327,21726,25233,209947,210053,0.2599895140394369,0.4998738095238095,0.9994953654553851,0.2599895140394369,0.005910969235480283,0.26590048327491717,0.9982041265003283,0.9780261147388136,0.9829836815815691,255.8501827040195,255.78562728380024,251.35688185140074,0.9073944444444444,0.8801176860600033,0.9433999977790857,0.910660785396155,0.9750662945631138,0.9433999977790857,0.8713464595817537,0.8801176860600033,0.9389376078205866,84956,78375,11572,5097,90053,89947,0.2847096249461174,0.5002944444444445,0.9988229153942677,2.6745955131270667,0.49999999593604694,0.9841973284180756,255.53125,255.6818181818182,251.46875
46,0.0002739800241729694,0.0005475071025025981,0.0010945612591618556,292.224999666214,0.8892357142857142,0.8949434020628523,0.8819463959951798,0.888397365927383,0.959160522444034,0.8819463959951798,0.8965213541344328,0.8949434020628523,0.8836941933909583,185162,188317,21736,24785,209947,210053,0.25786872444068615,0.4998738095238095,0.9994953654553851,0.25786872444068615,0.0017569559998781932,0.25962568044056433,0.9997652654380659,0.9800963962661915,0.9831952659572587,255.8501827040195,255.78562728380024,251.40803897685748,0.907,0.8812309548324025,0.9409236782783472,0.910099567146064,0.9744615230570888,0.9409236782783472,0.8730363436245789,0.8812309548324025,0.9365510990256062,84733,78527,11420,5320,90053,89947,0.28113475048237224,0.5002944444444445,0.9988229153942677,3.3063558089462193,0.49999999593604694,0.9841973284180756,255.53125,255.6818181818182,251.46875
47,0.0002661662346225638,0.0005318638645048923,0.0010632591242695493,286.01046419143677,0.8897619047619048,0.8975044086998344,0.8799601804264886,0.8886457105750499,0.9593384149610342,0.8799601804264886,0.8995586828086245,0.8975044086998344,0.882319980201441,184745,188955,21098,25202,209947,210053,0.25743551971561,0.4998738095238095,0.9994953654553851,0.25743551971561,0.001135297976709317,0.2585708176923193,0.9998820785628166,0.9819734026943041,0.9825437192447244,255.8501827040195,255.78562728380024,251.22655298416566,0.9035111111111112,0.8721138585982696,0.9458318989928154,0.9074782386345476,0.9745934906954463,0.9458318989928154,0.8611404493757435,0.8721138585982696,0.9407542357442157,85175,77457,12490,4878,90053,89947,0.3078691875138743,0.5002944444444445,0.9988229153942677,3.0171647308902307,0.49999999593604694,0.9841973284180756,255.53125,255.6818181818182,251.46875
48,0.0002583369843899931,0.0005161896741595253,0.0010318950536985897,286.2114489078522,0.8896595238095238,0.8954729605600301,0.8822464717285791,0.8888105126525637,0.959324908055412,0.8822464717285791,0.8970688350083075,0.8954729605600301,0.8840181277386303,185225,188432,21621,24722,209947,210053,0.25735738543151504,0.4998738095238095,0.9994953654553851,0.25735738543151504,0.0013023074960220383,0.25865969292753704,0.9997684409644514,0.9836748576936802,0.9827285657236329,255.8501827040195,255.78562728380024,251.27283800243606,0.9118611111111111,0.8859696585020707,0.945520970983754,0.9147771528639497,0.9764751129529127,0.945520970983754,0.878161584043937,0.8859696585020707,0.9415214437266074,85147,78988,10959,4906,90053,89947,0.2594994054260579,0.5002944444444445,0.9988229153942677,3.1365014775232836,0.49999999593604694,0.9841973284180756,255.53125,255.6818181818182,251.46875
49,0.00025050000000000007,0.0005005000000000002,0.0010005000000000005,285.28678941726685,0.8899952380952381,0.8955900330010679,0.882860912516016,0.8891799189273464,0.9598027256028538,0.882860912516016,0.8971259634473204,0.8955900330010679,0.8845599590681431,185354,188444,21609,24593,209947,210053,0.255935368798537,0.4998738095238095,0.9994953654553851,0.255935368798537,0.0007264592889028496,0.25666182808743987,0.9999392283093479,0.9852169173114362,0.9821459982666619,255.8501827040195,255.78562728380024,251.1376370280146,0.9100888888888888,0.8862754531098026,0.9410347239958691,0.9128345990197663,0.9753978310361121,0.9410347239958691,0.8791065849889379,0.8862754531098026,0.9370726331133048,84743,79073,10874,5310,90053,89947,0.2715831870975142,0.5002944444444445,0.9988229153942677,3.0946546610106123,0.49999999593604694,0.9841973284180756,255.53125,255.6818181818182,251.46875
50,0.00024266301561000702,0.0004848103258404751,0.0009691049463014114,285.3551003932953,0.8906785714285714,0.8958950793083807,0.884027873701458,0.8899219156439622,0.9604892622225474,0.884027873701458,0.897325912983866,0.8958950793083807,0.8856009848050593,185599,188486,21567,24348,209947,210053,0.2538794028991323,0.4998738095238095,0.9994953654553851,0.2538794028991323,0.0021975689628988167,0.2560769718620311,0.9995292320611561,0.9866142981514305,0.9829994393177319,255.8501827040195,255.78562728380024,251.35566382460414,0.9106444444444445,0.8808084760247527,0.9499405905411258,0.9140692617564405,0.9771387386151503,0.9499405905411258,0.8713019889490478,0.8808084760247527,0.9456074518273628,85545,78371,11576,4508,90053,89947,0.28252041136676614,0.5002944444444445,0.9988229153942677,2.9169893854043702,0.49999999593604694,0.9841973284180756,255.53125,255.6818181818182,251.46875
51,0.00023483376537743634,0.0004691361354951082,0.0009377408757304519,286.4481008052826,0.8916904761904761,0.8987551706245483,0.8827704134853082,0.8906910803537101,0.9610396194004601,0.8827704134853082,0.900606037523863,0.8987551706245483,0.8848760682361416,185335,189175,20878,24612,209947,210053,0.25192513488387364,0.4998738095238095,0.9994953654553851,0.25192513488387364,0.002746162359314476,0.2546712972431881,0.9992045492986523,0.9878803970168315,0.9824631250087901,255.8501827040195,255.78562728380024,251.21437271619976,0.9068388888888889,0.8759927760789706,0.9479861859127403,0.9105686721029081,0.9761335358591483,0.9479861859127403,0.8656431009372186,0.8759927760789706,0.9432558815690645,85369,77862,12085,4684,90053,89947,0.28166073882444337,0.5002944444444445,0.9988229153942677,2.747822064567696,0.49999999593604694,0.9841973284180756,255.53125,255.6818181818182,251.46875
52,0.0002270199758270307,0.00045349289749740224,0.0009064387408381455,285.54950046539307,0.8924761904761904,0.8965133906013137,0.8873239436619719,0.891894997390734,0.9613715354079966,0.8873239436619719,0.8976258372886843,0.8965133906013137,0.8885228906010697,186291,188549,21504,23656,209947,210053,0.2509776406652599,0.4998738095238095,0.9994953654553851,0.2509776406652599,0.0007979261636281393,0.2517755668288881,0.9998865050607418,0.989027402201099,0.9834585111736253,255.8501827040195,255.78562728380024,251.47259439707673,0.9131611111111111,0.8926536383589397,0.9393912473765449,0.9154262773169716,0.9762482507137452,0.9393912473765449,0.8869000633706516,0.8926536383589397,0.9359630185845692,84595,79774,10173,5458,90053,89947,0.26418558550490573,0.5002944444444445,0.9988229153942677,2.5130808048627595,0.49999999593604694,0.9841973284180756,255.53125,255.6818181818182,251.46875
53,0.0002192293582257061,0.0004378960498346302,0.0008752294330524785,285.4129526615143,0.8919214285714285,0.8977001382430564,0.8845946834201013,0.8910992277408721,0.9612388435061204,0.8845946834201013,0.8992444763940529,0.8977001382430564,0.8863118084816862,185718,188889,21164,24229,209947,210053,0.25145023485847573,0.4998738095238095,0.9994953654553851,0.25145023485847573,0.0005982930095244968,0.2520485278680002,0.9999337676236458,0.9900663966998859,0.9819961093872984,255.8501827040195,255.78562728380024,251.08891595615103,0.9083444444444444,0.8777358955660775,0.9489855973704374,0.911971229777607,0.9766219538680331,0.9489855973704374,0.8676553970671618,0.8777358955660775,0.9444074688093711,85459,78043,11904,4594,90053,89947,0.29178722617639735,0.5002944444444445,0.9988229153942677,2.6523380035703834,0.49999999593604694,0.9841973284180756,255.53125,255.6818181818182,251.46875
54,0.00021146960097246238,0.0004223609847124048,0.0008441437521922897,287.22231936454773,0.8930404761904762,0.8976903575318829,0.8871334193867976,0.892380667185722,0.9615416341830034,0.8871334193867976,0.8989445520892346,0.8976903575318829,0.8885009551952269,186251,188826,21227,23696,209947,210053,0.2503945166097634,0.4998738095238095,0.9994953654553851,0.2503945166097634,0.0004712775042254322,0.25086579411398885,0.9999657494722708,0.9910074536781177,0.9834002592513694,255.8501827040195,255.78562728380024,251.46163215590744,0.9080555555555555,0.8780201808251303,0.947908453910475,0.9116268141866997,0.9757977786439458,0.947908453910475,0.8681556916851034,0.8780201808251303,0.9433310380652098,85362,78088,11859,4691,90053,89947,0.2874791264872659,0.5002944444444445,0.9988229153942677,2.870578446848826,0.49999999593604694,0.9841973284180756,255.53125,255.6818181818182,251.46875
55,0.0002037483620108617,0.0004069030333644307,0.0008132123760715686,286.02168130874634,0.8940142857142858,0.8990472055382686,0.887647834929768,0.8933111554243203,0.9622062400303248,0.887647834929768,0.900377523767811,0.8990472055382686,0.8891098418071128,186359,189127,20926,23588,209947,210053,0.24832711799862034,0.4998738095238095,0.9994953654553851,0.24832711799862034,0.0006851741572119972,0.24901229215583234,0.9998805127974405,0.9918597245682079,0.9839275558042775,255.8501827040195,255.78562728380024,251.59683313032886,0.9087444444444445,0.8774156508545125,0.9503736688394612,0.9124385641331813,0.9771052283566157,0.9503736688394612,0.8670661611838082,0.8774156508545125,0.9458033689469918,85584,77990,11957,4469,90053,89947,0.28263039886951447,0.5002944444444445,0.9988229153942677,2.401277330788699,0.49999999593604694,0.9841973284180756,255.53125,255.6818181818182,251.46875
56,0.0001960732612715627,0.0003915374509224273,0.0007824658302241563,285.4016010761261,0.8937571428571428,0.8994727660211956,0.8865427941337576,0.8929609764054539,0.9621407622597143,0.8865427941337576,0.9009678509709454,0.8994727660211956,0.8882062786582876,186127,189251,20802,23820,209947,210053,0.24854577471582667,0.4998738095238095,0.9994953654553851,0.24854577471582667,0.0007357337765821599,0.24928150849240882,0.9998274510873801,0.9926315202011282,0.9827748237548337,255.8501827040195,255.78562728380024,251.31181485992693,0.9164277777777777,0.897323982456512,0.9405794365540293,0.9184426962758949,0.9771636158459996,0.9405794365540293,0.8922476569535394,0.897323982456512,0.9374926991098754,84702,80255,9692,5351,90053,89947,0.2523102199828083,0.5002944444444445,0.9988229153942677,2.4548945027318867,0.49999999593604694,0.9841973284180756,255.53125,255.6818181818182,251.46875
57,0.00018845187315236873,0.0003762794013611551,0.0007519344577787279,287.1170902252197,0.894697619047619,0.9001042994553251,0.8878812271668564,0.8939509834717283,0.9623477143363883,0.8878812271668564,0.9015105711415691,0.9001042994553251,0.8894384323450945,186408,189365,20688,23539,209947,210053,0.24782938767002213,0.4998738095238095,0.9994953654553851,0.24782938767002213,0.0005950317838616061,0.24842441945388374,0.9999137808286316,0.9933303853851734,0.982590815917022,255.8501827040195,255.78562728380024,251.2460414129111,0.9115333333333333,0.8859880239520959,0.9447436509611007,0.9144229839099732,0.9768664958664182,0.9447436509611007,0.8782838782838783,0.8859880239520959,0.9407442691277166,85077,78999,10948,4976,90053,89947,0.2632585483264517,0.5002944444444445,0.9988229153942677,3.0369082391262054,0.49999999593604694,0.9841973284180756,255.53125,255.6818181818182,251.46875
58,0.00018089171904321234,0.00036114394253340513,0.0007216483895137908,286.20047402381897,0.8949833333333334,0.9004752383436205,0.8880669883351513,0.8942280713955122,0.9629573242731774,0.8880669883351513,0.9018961881049069,0.9004752383436205,0.8896433837686549,186447,189446,20607,23500,209947,210053,0.24585370975348023,0.4998738095238095,0.9994953654553851,0.24585370975348023,0.0002992116524371399,0.24615292140591738,0.9999754282937415,0.9939631673505833,0.9827156926726114,255.8501827040195,255.78562728380024,251.27649208282583,0.9133388888888889,0.8878701369063744,0.9462871864346551,0.9161483838715053,0.9779244482086142,0.9462871864346551,0.8803517627047038,0.8878701369063744,0.94243174406703,85216,79185,10762,4837,90053,89947,0.2708874914625829,0.5002944444444445,0.9988229153942677,2.6935368457978424,0.49999999593604694,0.9841973284180756,255.53125,255.6818181818182,251.46875
59,0.00017340025990345072,0.000346146011309714,0.0006916375141222407,285.6411671638489,0.8953333333333333,0.9011460140847113,0.8880288834801164,0.8945393654129422,0.9632258505034333,0.8880288834801164,0.9026340971088249,0.9011460140847113,0.8896902524060457,186439,189601,20452,23508,209947,210053,0.2450561793509703,0.4998738095238095,0.9994953654553851,0.2450561793509703,0.00048233944616918155,0.24553851879713948,0.9998899659779418,0.9945360784739781,0.9820040884773652,255.8501827040195,255.78562728380024,251.09744214372716,0.9154666666666667,0.8949223738509113,0.9415899525834787,0.9176632287529356,0.9772527974818651,0.9415899525834787,0.8893125951949481,0.8949223738509113,0.9382998439900998,84793,79991,9956,5260,90053,89947,0.258559121792628,0.5002944444444445,0.9988229153942677,2.522914371029897,0.49999999593604694,0.9841973284180756,255.53125,255.6818181818182,251.46875
60,0.00016598488889879982,0.00033130040883747703,0.0006619314487148316,285.4991807937622,0.8953666666666666,0.9022218991543699,0.8867857125846047,0.8944372114474588,0.9631914623379778,0.8867857125846047,0.903943290502873,0.9022218991543699,0.8887453485922909,186178,189876,20177,23769,209947,210053,0.24512200965007244,0.4998738095238095,0.9994953654553851,0.24512200965007244,0.00036051012219006967,0.2454825197722625,0.9999465502426482,0.9950547536867307,0.9827130000785944,255.8501827040195,255.78562728380024,251.2777101096224,0.9162666666666667,0.8969895274098076,0.9406571685562947,0.9183045151498727,0.9776829617668442,0.9406571685562947,0.8918474212591859,0.8969895274098076,0.9375430968993607,84709,80219,9728,5344,90053,89947,0.24535182783041487,0.5002944444444445,0.9988229153942677,2.4864788285710593,0.49999999593604694,0.9841973284180756,255.53125,255.6818181818182,251.46875
61,0.00015865292410517293,0.0003166217859340036,0.000632559509591665,285.32871294021606,0.8967619047619048,0.9030480162973787,0.8889052951459178,0.8959208460751885,0.9638157539537064,0.8889052951459178,0.904614549661276,0.9030480162973787,0.8906726789506002,186623,190017,20036,23324,209947,210053,0.24290557450702216,0.4998738095238095,0.9994953654553851,0.24290557450702216,0.00024507959971075934,0.24315065410673292,0.9999733350889691,0.9955243029574472,0.9835976868362084,255.8501827040195,255.78562728380024,251.5115712545676,0.9129722222222222,0.891482822499158,0.9405350182670206,0.9153522352089312,0.9761971731651679,0.9405350182670206,0.8853769442004736,0.891482822499158,0.9369940700301205,84698,79637,10310,5355,90053,89947,0.2612136528742584,0.5002944444444445,0.9988229153942677,2.5366154299540953,0.49999999593604694,0.9841973284180756,255.53125,255.6818181818182,251.46875
62,0.00015141160128662222,0.0003021246286279271,0.000603550683310537,285.12753891944885,0.8972642857142857,0.902769192133833,0.8903723320647592,0.8965279093357249,0.964256455217605,0.8903723320647592,0.9041527614459208,0.902769192133833,0.8919111845812826,186931,189920,20133,23016,209947,210053,0.24138291129313783,0.4998738095238095,0.9994953654553851,0.24138291129313783,0.00022562915768587635,0.2416085404508237,0.9999662483072456,0.9959493592219002,0.9830343121365108,255.8501827040195,255.78562728380024,251.3483556638246,0.9147055555555555,0.8946951283948008,0.9401685673991983,0.9168683636284878,0.9771483736802199,0.9401685673991983,0.8892125362713598,0.8946951283948008,0.936886494084573,84665,79982,9965,5388,90053,89947,0.26833130821416323,0.5002944444444445,0.9988229153942677,2.1315726800398394,0.49999999593604694,0.9841973284180756,255.53125,255.6818181818182,251.46875
63,0.00014426806675451437,0.00028782324386324626,0.0005749335980807101,285.5096411705017,0.8969642857142858,0.9018710517432609,0.8908010116839011,0.8963018520692903,0.9639255775321303,0.8908010116839011,0.9031244495436866,0.9018710517432609,0.8921789023185815,187021,189704,20349,22926,209947,210053,0.2426717227254512,0.4998738095238095,0.9994953654553851,0.2426717227254512,0.00017118099225378648,0.242842903717705,0.9999759811431569,0.9963341221150144,0.9834899281456655,255.8501827040195,255.78562728380024,251.49330085261875,0.9081944444444444,0.8771130805842771,0.9495297213862948,0.9118859342757051,0.9772042061687178,0.9495297213862948,0.8668104550457492,0.8771130805842771,0.9449171029668412,85508,77967,11980,4545,90053,89947,0.28972618823701685,0.5002944444444445,0.9988229153942677,2.5138202641497958,0.49999999593604694,0.9841973284180756,255.53125,255.6818181818182,251.46875
64,0.0001372293703149831,0.00027373174538009644,0.0005467364955103232,285.88492155075073,0.8975547619047619,0.9038126572479195,0.8897483650635637,0.8967253682550579,0.9643507646000294,0.8897483650635637,0.9053572193684452,0.9038126572479195,0.891491655728483,186800,190173,19880,23147,209947,210053,0.2411635038006175,0.4998738095238095,0.9994953654553851,0.2411635038006175,0.00017648102996963255,0.24133998483058713,0.9999759780213545,0.9966823978396511,0.9825886738316849,255.8501827040195,255.78562728380024,251.2423873325213,0.9158722222222222,0.897619907004395,0.9389359599347051,0.9178132004710965,0.9772087861703062,0.9389359599347051,0.8927813045460105,0.897619907004395,0.9359105848348523,84554,80303,9644,5499,90053,89947,0.25846160512248223,0.5002944444444445,0.9988229153942677,2.2698380784554915,0.49999999593604694,0.9841973284180756,255.53125,255.6818181818182,251.46875
65,0.00013030245831162203,0.00025986403978619317,0.0005189872027353356,285.40665006637573,0.8979666666666667,0.9033003953523173,0.8912963747993541,0.8972582377536538,0.9646838551541259,0.8912963747993541,0.9046335924742803,0.9033003953523173,0.8927754260182388,187125,190021,20032,22822,209947,210053,0.2400623135059963,0.4998738095238095,0.9994953654553851,0.2400623135059963,0.00017826824982372088,0.24024058175582003,0.9999783182841125,0.996997635486526,0.9829861864948194,255.8501827040195,255.78562728380024,251.34470158343484,0.91745,0.9003087734241908,0.9389692736499617,0.9192327134960021,0.9779690871747119,0.9389692736499617,0.8959053664936018,0.9003087734241908,0.9361524163568773,84557,80584,9363,5496,90053,89947,0.2553664941594682,0.5002944444444445,0.9988229153942677,2.080764153464274,0.49999999593604694,0.9841973284180756,255.53125,255.6818181818182,251.46875
66,0.00012349416677028238,0.00024623381283268956,0.000491713104957504,286.3335475921631,0.8985095238095238,0.9035701709108976,0.8921823126789142,0.8978401334458164,0.9650640439765283,0.8921823126789142,0.9048335420108259,0.9035701709108976,0.8935773087790728,187311,190063,19990,22636,209947,210053,0.2387851855097096,0.4998738095238095,0.9994953654553851,0.2387851855097096,0.00014193132221682455,0.2389271168319264,0.9999761136382564,0.9972829600991422,0.9829890624507227,255.8501827040195,255.78562728380024,251.34713763702803,0.9153833333333333,0.8937834196454886,0.9429225011937414,0.9176956289143345,0.9773837757988921,0.9429225011937414,0.8878117113411231,0.8937834196454886,0.939526565956045,84913,79856,10091,5140,90053,89947,0.2681583938273517,0.5002944444444445,0.9988229153942677,2.087903521277688,0.49999999593604694,0.9841973284180756,255.53125,255.6818181818182,251.46875
67,0.0001168112146527403,0.00023285451590799108,0.0004649411184184928,285.6840784549713,0.8991333333333333,0.9047018764036804,0.8921966019995523,0.8984057248100683,0.965301379581215,0.8921966019995523,0.9060665641528567,0.9047018764036804,0.8937193303749619,187314,190322,19731,22633,209947,210053,0.23810348784081392,0.4998738095238095,0.9994953654553851,0.23810348784081392,0.00012180584044704833,0.23822529368126097,0.9999853584566012,0.9975412027574453,0.9831155379357027,255.8501827040195,255.78562728380024,251.3824604141291,0.917,0.8972005118822248,0.9420341354535662,0.919070886103377,0.9778379132403331,0.9420341354535662,0.8919363625245978,0.8972005118822248,0.938909499455803,84833,80227,9720,5220,90053,89947,0.2509158244356513,0.5002944444444445,0.9988229153942677,2.3220340745015577,0.49999999593604694,0.9841973284180756,255.53125,255.6818181818182,251.46875
68,0.00011026019722589342,0.00021973935276286074,0.0004386976638367956,285.5559461116791,0.8990619047619047,0.90538519977354,0.8912058757686464,0.8982395836833843,0.9652010914342373,0.8912058757686464,0.9069139693315497,0.90538519977354,0.892936660088778,187106,190500,19553,22841,209947,210053,0.2383650264336334,0.4998738095238095,0.9994953654553851,0.2383650264336334,8.149786303647765e-05,0.23844652429666988,0.9999927965499887,0.9977749279342796,0.9826390606008139,255.8501827040195,255.78562728380024,251.25334957369063,0.9152277777777778,0.8966588884174799,0.9387471822149179,0.9172204651364649,0.9773315995462301,0.9387471822149179,0.8916806563865387,0.8966588884174799,0.9356509566028931,84537,80204,9743,5516,90053,89947,0.2571158659729091,0.5002944444444445,0.9988229153942677,2.217991662296382,0.49999999593604694,0.9841973284180756,255.53125,255.6818181818182,251.46875
69,0.000103847579553028,0.00020690126647990976,0.00041300864033367343,285.95756554603577,0.90015,0.9057938110465958,0.8931396971616646,0.8994222481239252,0.9657155211608821,0.8931396971616646,0.907156765197355,0.9057938110465958,0.894664438038181,187512,190551,19502,22435,209947,210053,0.23652816702692286,0.4998738095238095,0.9994953654553851,0.23652816702692286,8.550456141109952e-05,0.23661367158833396,0.9999877536776005,0.9979864583598288,0.9826751284022378,255.8501827040195,255.78562728380024,251.27283800243606,0.9147,0.8903462475047814,0.9460095721408504,0.9173342809148469,0.9779900950832319,0.9460095721408504,0.883353530412354,0.8903462475047814,0.9423366580879301,85191,79455,10492,4862,90053,89947,0.27319575181569566,0.5002944444444445,0.9988229153942677,2.102731202813712,0.49999999593604694,0.9841973284180756,255.53125,255.6818181818182,251.46875
70,9.757969011358236e-05,0.00019435292670033822,0.0003878993998738501,285.6302602291107,0.8996952380952381,0.9049588571704351,0.8931396971616646,0.8990104326480516,0.9657386393142822,0.8931396971616646,0.9062474708763979,0.9049588571704351,0.8945698912098499,187512,190360,19693,22435,209947,210053,0.23658597872260137,0.4998738095238095,0.9994953654553851,0.23658597872260137,9.919169994106433e-05,0.23668517042254242,0.9999875444442433,0.9981778976111988,0.9827597116101942,255.8501827040195,255.78562728380024,251.28867235079173,0.9185722222222222,0.9036534178516361,0.9371592284543546,0.9201013927880292,0.9779110581422423,0.9371592284543546,0.8999633117280176,0.9036534178516361,0.9346596157398854,84394,80949,8998,5659,90053,89947,0.24780133036388594,0.5002944444444445,0.9988229153942677,2.0602233362468807,0.49999999593604694,0.9841973284180756,255.53125,255.6818181818182,251.46875
71,9.146271455770193e-05,0.0001821067171205295,0.0003633947222461848,285.6339280605316,0.8996404761904762,0.9044719562639206,0.8936112447427208,0.8990088002817623,0.9656277798854519,0.8936112447427208,0.9056666650797656,0.9044719562639206,0.8949260022392203,187611,190238,19815,22336,209947,210053,0.2367904537270043,0.4998738095238095,0.9994953654553851,0.2367904537270043,0.0001149173136193415,0.23690537104062365,0.999977666553423,0.9983511506272034,0.9830759452397272,255.8501827040195,255.78562728380024,251.3861144945189,0.9175722222222222,0.8959403689042365,0.9449990561114011,0.9198160367926415,0.9785527036734005,0.9449990561114011,0.8901130665836549,0.8959403689042365,0.9417403782817352,85100,80063,9884,4953,90053,89947,0.2578680482269688,0.5002944444444445,0.9988229153942677,2.0558177036317913,0.49999999593604694,0.9841973284180756,255.53125,255.6818181818182,251.46875
72,8.550268960174892e-05,0.000170174723270836,0.0003395187906090103,286.6830575466156,0.9004333333333333,0.9064444541142683,0.8929825146346458,0.8996631283951091,0.9663317445334664,0.8929825146346458,0.9078803920915197,0.9064444541142683,0.8946010479849511,187479,190703,19350,22468,209947,210053,0.2343417249629036,0.4998738095238095,0.9994953654553851,0.2343417249629036,0.00012423021534776173,0.23446595517825133,0.9999757607293913,0.9985079423323266,0.9829894625951688,255.8501827040195,255.78562728380024,251.3483556638246,0.9155166666666666,0.8934789923034866,0.9436331937858816,0.9178714740145063,0.977888003566346,0.9436331937858816,0.8873670050140638,0.8934789923034866,0.9402063798708948,84977,79816,10131,5076,90053,89947,0.26243813208897004,0.5002944444444445,0.9988229153942677,1.9726082604717126,0.49999999593604694,0.9841973284180756,255.53125,255.6818181818182,251.46875
73,7.970549707079218e-05,0.00015856872058862001,0.0003162951676242758,285.93103551864624,0.9005714285714286,0.9063489072186868,0.8934064311469085,0.8998311329444274,0.9661957295701542,0.8934064311469085,0.9077328102907362,0.9063489072186868,0.8949594228611929,187568,190672,19381,22379,209947,210053,0.23480533901942344,0.4998738095238095,0.9994953654553851,0.23480533901942344,0.00011597644042113498,0.23492131545984457,0.9999710404190454,0.9986498345387345,0.9830568716427737,255.8501827040195,255.78562728380024,251.37758830694276,0.9207388888888889,0.9067867571281346,0.9379920713357689,0.9221254878414891,0.9785401927431359,0.9379920713357689,0.9034653740536094,0.9067867571281346,0.9357037582903464,84469,81264,8683,5584,90053,89947,0.2432615982199257,0.5002944444444445,0.9988229153942677,1.876105603507974,0.49999999593604694,0.9841973284180756,255.53125,255.6818181818182,251.46875
74,7.407685809395643e-05,0.00014730016279731957,0.000293746772204046,285.5228855609894,0.9016738095238095,0.9066481486839694,0.8955021981738248,0.9010407056573843,0.9667483690838133,0.8955021981738248,0.9078423064655111,0.9066481486839694,0.8968227094443975,188008,190695,19358,21939,209947,210053,0.23311039155641805,0.4998738095238095,0.9994953654553851,0.23311039155641805,5.302393900067691e-05,0.23316341549541872,0.9999976115308058,0.9987782412811312,0.9822586334910901,255.8501827040195,255.78562728380024,251.1522533495737,0.9183555555555556,0.9007796794060395,0.9403906588342421,0.9201590733758543,0.9781072765436221,0.9403906588342421,0.8962944845297787,0.9007796794060395,0.9375719585518741,84685,80619,9328,5368,90053,89947,0.25238610499284486,0.5002944444444445,0.9988229153942677,2.017810516736724,0.49999999593604694,0.9841973284180756,255.53125,255.6818181818182,251.46875
75,6.86223274583579e-05,0.00013638017060300508,0.00027189585689229955,285.76214718818665,0.9011690476190476,0.9068275575564938,0.8941590020338467,0.9004487230220573,0.9664238214894447,0.8941590020338467,0.9081755556930869,0.9068275575564938,0.8956691989144826,187726,190765,19288,22221,209947,210053,0.23414753996353058,0.4998738095238095,0.9994953654553851,0.23414753996353058,6.601767623732762e-05,0.2342135576397679,0.9999830115872382,0.9988944427261528,0.9831552784450827,255.8501827040195,255.78562728380024,251.39342265529842,0.9187666666666666,0.903439054393753,0.9378699210464948,0.9203325741808236,0.9778380026230802,0.9378699210464948,0.8996408996408997,0.903439054393753,0.9353291336762412,84458,80920,9027,5595,90053,89947,0.24253987694497814,0.5002944444444445,0.9988229153942677,2.115536493333903,0.49999999593604694,0.9841973284180756,255.53125,255.6818181818182,251.46875
76,6.334728812720035e-05,0.00012581952071958545,0.0002507639859043558,285.8924286365509,0.9013976190476191,0.907413674734328,0.8939589515449137,0.9006360654636367,0.9665795302975488,0.8939589515449137,0.9088325327417366,0.907413674734328,0.8955602675848869,187684,190903,19150,22263,209947,210053,0.23358373182409428,0.4998738095238095,0.9994953654553851,0.23358373182409428,7.270133163641526e-05,0.2336564331557307,0.9999904289896102,0.998999597785841,0.9832376901372422,255.8501827040195,255.78562728380024,251.42752740560292,0.9186944444444445,0.9010145266605696,0.9408459462760819,0.9204995464101213,0.9782919116693803,0.9408459462760819,0.8965168376933083,0.9010145266605696,0.9380336412069888,84726,80639,9308,5327,90053,89947,0.25148766580969095,0.5002944444444445,0.9988229153942677,2.333141441372308,0.49999999593604694,0.9841973284180756,255.53125,255.6818181818182,251.46875
77,5.825694592744063e-05,0.00011562863523349334,0.00023037201384559888,285.9060618877411,0.901852380952381,0.9080194040462176,0.8942399748507956,0.9010770131602945,0.9667894533721445,0.8942399748507956,0.9094609455708798,0.9080194040462176,0.8958727062122782,187743,191035,19018,22204,209947,210053,0.23291149080235252,0.4998738095238095,0.9994953654553851,0.23291149080235252,6.8658115518276e-05,0.2329801489178708,0.9999880403026158,0.999094755553519,0.9833260469799266,255.8501827040195,255.78562728380024,251.44701583434835,0.9218722222222222,0.910490492653414,0.935837784415844,0.9229901485655457,0.978681213779695,0.935837784415844,0.9078902020078491,0.910490492653414,0.9339204025617567,84275,81662,8285,5778,90053,89947,0.2384827999736775,0.5002944444444445,0.9988229153942677,1.923319831151854,0.49999999593604694,0.9841973284180756,255.53125,255.6818181818182,251.46875
78,5.335632441226526e-05,0.00010581757131834266,0.00021074006513049754,285.81689405441284,0.9020595238095238,0.9089437984496124,0.893587429208324,0.9012002007940492,0.9670408827645769,0.893587429208324,0.9105273430991226,0.9089437984496124,0.8954073033707866,187606,191259,18794,22341,209947,210053,0.23196503757777082,0.4998738095238095,0.9994953654553851,0.23196503757777082,7.284066853668235e-05,0.23203787824630748,0.9999924781987496,0.9991808656700278,0.9826817386406633,255.8501827040195,255.78562728380024,251.27649208282583,0.9204111111111111,0.9062127860445656,0.9379920713357689,0.9218286188231185,0.9786669984661233,0.9379920713357689,0.9028094322211969,0.9062127860445656,0.9356600490845615,84469,81205,8742,5584,90053,89947,0.24322880135679786,0.5002944444444445,0.9988229153942677,1.836669115180319,0.49999999593604694,0.9841973284180756,255.53125,255.6818181818182,251.46875
79,4.865025990345065e-05,9.639601130971382e-05,0.00019188751412224024,287.40094327926636,0.9020261904761905,0.9086050137010176,0.8939208466898789,0.9012031183598599,0.9672103628433992,0.8939208466898789,0.9101274440260315,0.9086050137010176,0.895659792172259,187676,191175,18878,22271,209947,210053,0.23140542031278274,0.4998738095238095,0.9994953654553851,0.23140542031278274,4.595416995675002e-05,0.23145137448273947,0.9999974213186629,0.9992587877187471,0.9830434467179648,255.8501827040195,255.78562728380024,251.36540803897685,0.9178444444444445,0.8987549668874172,0.9418897760207877,0.9198169475350815,0.9784201498002716,0.9418897760207877,0.8937707761237172,0.8987549668874172,0.9388846715328467,84820,80392,9555,5233,90053,89947,0.2481042596680874,0.5002944444444445,0.9988229153942677,1.8191374516622587,0.49999999593604694,0.9841973284180756,255.53125,255.6818181818182,251.46875
80,4.414339671849686e-05,8.737325314985643e-05,0.00017383296601257566,285.87065267562866,0.9022,0.9087203814410533,0.8941685282476054,0.9013857278672467,0.9672859488912977,0.8941685282476054,0.9102274187943042,0.9087203814410533,0.8958882927629267,187728,191196,18857,22219,209947,210053,0.23114739961005593,0.4998738095238095,0.9994953654553851,0.23114739961005593,4.4917996056266815e-05,0.2311923176061122,0.9999975446661555,0.9993292997390673,0.9825599129717827,255.8501827040195,255.78562728380024,251.2448233861145,0.9195388888888889,0.9038498535730318,0.9390692147957314,0.9211230019333932,0.9784523834534254,0.9390692147957314,0.8999855470443706,0.9038498535730318,0.9365209745713691,84566,80951,8996,5487,90053,89947,0.246903510552577,0.5002944444444445,0.9988229153942677,1.8435600951991298,0.49999999593604694,0.9841973284180756,255.53125,255.6818181818182,251.46875
81,3.98401825872473e-05,7.875820121174359e-05,0.00015659423846073624,284.3688027858734,0.9026428571428572,0.9086285827544366,0.895264042829857,0.9018968057081712,0.967560579044845,0.895264042829857,0.9100179478512566,0.9086285827544366,0.8968335514987731,187958,191152,18901,21989,209947,210053,0.2301185252315089,0.4998738095238095,0.9994953654553851,0.2301185252315089,3.634745050241489e-05,0.23015487268201132,0.9999975156261337,0.9993931059399423,0.983386774582696,255.8501827040195,255.78562728380024,251.45676004872107,0.9186555555555556,0.9049782503624939,0.9356490066960568,0.9200580919206368,0.9779989252714794,0.9356490066960568,0.9016420781126664,0.9049782503624939,0.9333103170493124,84258,81100,8847,5795,90053,89947,0.2439756514504552,0.5002944444444445,0.9988229153942677,1.8842766891148957,0.49999999593604694,0.9841973284180756,255.53125,255.6818181818182,251.46875
82,3.574486426251604e-05,7.05593575115301e-05,0.0001401883440095583,287.1417679786682,0.90295,0.9086341986532311,0.8959404040067255,0.9022426557879514,0.9678105767818573,0.8959404040067255,0.9099560587089925,0.9086341986532311,0.8974251828758698,188100,191139,18914,21847,209947,210053,0.22926097389551087,0.4998738095238095,0.9994953654553851,0.22926097389551087,3.4574215582093014e-05,0.22929554811109296,0.9999976124020065,0.9994508436877971,0.9825575345076836,255.8501827040195,255.78562728380024,251.22777101096224,0.9176444444444445,0.8993767452725014,0.940623854841038,0.9195379838902278,0.9781248236484728,0.940623854841038,0.8946379534614829,0.8993767452725014,0.9376929978908608,84706,80470,9477,5347,90053,89947,0.2491429943422025,0.5002944444444445,0.9988229153942677,1.9255733594975688,0.49999999593604694,0.9841973284180756,255.53125,255.6818181818182,251.46875
83,3.1861483329056044e-05,6.278481331809015e-05,0.00012463147329615842,286.3857333660126,0.9031238095238096,0.9090654228194408,0.8958070370141036,0.9023875326270536,0.9678087683577059,0.8958070370141036,0.910436889737352,0.9090654228194408,0.8973558876662835,188072,191240,18813,21875,209947,210053,0.2292504777607761,0.4998738095238095,0.9994953654553851,0.2292504777607761,4.63962121978375e-05,0.22929687397297394,0.9999927407205468,0.9995030898363211,0.983697981780057,255.8501827040195,255.78562728380024,251.54811205846528,0.9181444444444444,0.9003220902915821,0.9405128091235162,0.9199787102310374,0.9782601902386264,0.9405128091235162,0.895749719279131,0.9003220902915821,0.9376563827434916,84696,80570,9377,5357,90053,89947,0.25376168583435094,0.5002944444444445,0.9988229153942677,1.8685001510788093,0.49999999593604694,0.9841973284180756,255.53125,255.6818181818182,251.46875
84,2.8193872215002246e-05,5.54422411679103e-05,0.00010993897907372646,286.1706213951111,0.902952380952381,0.9094336700369293,0.8949830195239751,0.9021504808454045,0.9677368630923548,0.8949830195239751,0.9109177207657115,0.9094336700369293,0.8966769608555267,187899,191341,18712,22048,209947,210053,0.2294671383394829,0.4998738095238095,0.9994953654553851,0.2294671383394829,6.14285022667754e-05,0.2295285668417497,0.9999856007955832,0.9995503664595333,0.9827429509387657,255.8501827040195,255.78562728380024,251.2898903775883,0.9203222222222223,0.907175355756096,0.9365706861514885,0.9216386921933736,0.9784862915516042,0.9365706861514885,0.9040546099369628,0.907175355756096,0.9343667053510899,84341,81317,8630,5712,90053,89947,0.23957288129763168,0.5002944444444445,0.9988229153942677,1.8101956082338637,0.49999999593604694,0.9841973284180756,255.53125,255.6818181818182,251.46875
85,2.474565040972818e-05,4.853888729322334e-05,9.61253610602137e-05,286.81152272224426,0.9033833333333333,0.9096317938200182,0.8957022486627577,0.9026132826468336,0.9680835526269094,0.8957022486627577,0.911060541863244,0.9096317938200182,0.8973263687004145,188050,191371,18682,21897,209947,210053,0.2284165264337565,0.4998738095238095,0.9994953654553851,0.2284165264337565,4.0067907090774436e-05,0.2284565943408473,0.9999927102285239,0.9995931460438896,0.9834196432107992,255.8501827040195,255.78562728380024,251.46285018270402,0.9195277777777778,0.9046175922554668,0.9380586987662821,0.9210346989396789,0.978428343074718,0.9380586987662821,0.9009750186220774,0.9046175922554668,0.9356022997529382,84475,81040,8907,5578,90053,89947,0.2456413797018203,0.5002944444444445,0.9988229153942677,1.8464007929644801,0.49999999593604694,0.9841973284180756,255.53125,255.6818181818182,251.46875
86,2.152022089184677e-05,4.2081564470851536e-05,8.320425162886111e-05,287.1691994667053,0.9038190476190476,0.9101358967784384,0.8960642447855888,0.9030452564274879,0.968018279391459,0.8960642447855888,0.91156993711111,0.9101358967784384,0.8976975982072115,188126,191478,18575,21821,209947,210053,0.22848975723756798,0.4998738095238095,0.9994953654553851,0.22848975723756798,5.574744375405342e-05,0.22854550468132204,0.9999902703584911,0.9996318561900732,0.9836221142775173,255.8501827040195,255.78562728380024,251.52131546894032,0.9201777777777778,0.9062228281288577,0.9374590518916638,0.9215763331695868,0.9786905005730391,0.9374590518916638,0.9028761381702558,0.9062228281288577,0.9351473348456409,84421,81211,8736,5632,90053,89947,0.23881984256546607,0.5002944444444445,0.9988229153942677,1.8344226083294912,0.49999999593604694,0.9841973284180756,255.53125,255.6818181818182,251.46875
87,1.8520766770881295e-05,3.6076645298818454e-05,7.11884023546928e-05,287.02560782432556,0.9036857142857143,0.9093310922096803,0.8967358428555778,0.9029895488097922,0.968153474105286,0.8967358428555778,0.9106320785706464,0.9093310922096803,0.8981973225144511,188267,191281,18772,21680,209947,210053,0.22806250030825984,0.4998738095238095,0.9994953654553851,0.22806250030825984,3.524449687853978e-05,0.22809774480513836,0.9999950755383007,0.9996668838704454,0.9828745258423631,255.8501827040195,255.78562728380024,251.3154689403167,0.9201388888888888,0.9065474783505598,0.9369593461628152,0.9215025637945251,0.9785273634176993,0.9369593461628152,0.9032986091809622,0.9065474783505598,0.934691576743437,84376,81249,8698,5677,90053,89947,0.24478178179230203,0.5002944444444445,0.9988229153942677,1.81550402126529,0.49999999593604694,0.9841973284180756,255.53125,255.6818181818182,251.46875
88,1.5750248145920753e-05,3.053005590736439e-05,6.008967143025168e-05,286.1777939796448,0.9038619047619048,0.9103183936582604,0.8959404040067255,0.9030721737585758,0.9681056096237791,0.8959404040067255,0.9117794080541578,0.9103183936582604,0.8976093059441624,188100,191522,18531,21847,209947,210053,0.22818232479252276,0.4998738095238095,0.9994953654553851,0.22818232479252276,3.3745349697216405e-05,0.22821607014221998,0.9999950184020578,0.9996985792838806,0.9824889285219179,255.8501827040195,255.78562728380024,251.22898903775882,0.9191555555555555,0.9027536247346128,0.939624443383341,0.9208200931528315,0.9784442316604749,0.939624443383341,0.8986625457213693,0.9027536247346128,0.9369762023438315,84616,80832,9115,5437,90053,89947,0.24642502956769682,0.5002944444444445,0.9988229153942677,1.8235050148584626,0.49999999593604694,0.9841973284180756,255.53125,255.6818181818182,251.46875
89,1.3211399184359197e-05,2.5447270110570814e-05,4.9919011962994066e-05,287.5998513698578,0.9039619047619047,0.9104955153369185,0.8959499302204842,0.9031641619052192,0.9682568204610751,0.8959499302204842,0.9119698361842011,0.9104955153369185,0.8976369097546003,188102,191562,18491,21845,209947,210053,0.22767797637000298,0.4998738095238095,0.9994953654553851,0.22767797637000298,3.5953007721159744e-05,0.22771392937772414,0.9999903996591881,0.9997272593458408,0.9825646376750289,255.8501827040195,255.78562728380024,251.23873325213154,0.9211333333333334,0.9089899392906823,0.9360820849943922,0.9223371081569014,0.9786432858653076,0.9360820849943922,0.9061669649904944,0.9089899392906823,0.934038481372403,84297,81507,8440,5756,90053,89947,0.23900243051519449,0.5002944444444445,0.9988229153942677,1.8334488970312206,0.49999999593604694,0.9841973284180756,255.53125,255.6818181818182,251.46875
90,1.0906725423602734e-05,2.0833304004366997e-05,4.0686461165895534e-05,287.4229984283447,0.9041833333333333,0.9105953855682873,0.896321452557074,0.9034020398316863,0.968236098657034,0.896321452557074,0.9120412467329674,0.9105953855682873,0.8979722888855557,188180,191577,18476,21767,209947,210053,0.22764374446418775,0.4998738095238095,0.9994953654553851,0.22764374446418775,2.7952761747827748e-05,0.22767169722593558,0.9999999908523931,0.9997532108480274,0.9829012751901175,255.8501827040195,255.78562728380024,251.31912302070646,0.9208,0.9081471110871789,0.9364041175752057,0.9220591772913158,0.9786379404313549,0.9364041175752057,0.9051774934127875,0.9081471110871789,0.9342819438866258,84326,81418,8529,5727,90053,89947,0.2425656960853799,0.5002944444444445,0.9988229153942677,1.8504337722604924,0.49999999593604694,0.9841973284180756,255.53125,255.6818181818182,251.46875
91,8.838501298406575e-06,1.6692711016248837e-05,3.2401130451933364e-05,285.8948812484741,0.9044619047619048,0.9108049135674647,0.8966882117867843,0.9036914362519202,0.9684079484979121,0.8966882117867843,0.9122316748630107,0.9108049135674647,0.8983155733285827,188257,191617,18436,21690,209947,210053,0.2270654388743109,0.4998738095238095,0.9994953654553851,0.2270654388743109,3.081480295425654e-05,0.22709625367726516,0.9999999910701933,0.9997766933187409,0.9826821703381271,255.8501827040195,255.78562728380024,251.2679658952497,0.9204555555555556,0.9063428871886771,0.9379254439052558,0.9218637445155093,0.9788152735792721,0.9379254439052558,0.9029650794356676,0.9063428871886771,0.9356057551636351,84463,81219,8728,5590,90053,89947,0.2420323656617918,0.5002944444444445,0.9988229153942677,1.841762162744999,0.49999999593604694,0.9841973284180756,255.53125,255.6818181818182,251.46875
92,7.008767896282542e-06,1.3029577411595715e-05,2.5071196442222062e-05,285.99093770980835,0.9041595238095238,0.9096158116811015,0.8974455457806018,0.9034896963448698,0.9685174823370887,0.8974455457806018,0.9108701137332007,0.9096158116811015,0.8988499591284494,188416,191331,18722,21531,209947,210053,0.22685168953964102,0.4998738095238095,0.9994953654553851,0.22685168953964102,2.989150845150108e-05,0.22688158104809253,0.9999975452469559,0.9997979416121845,0.9830132268573079,255.8501827040195,255.78562728380024,251.35322777101095,0.9199166666666667,0.9043256072528224,0.9393024108025274,0.9214822238805157,0.978665777848416,0.9393024108025274,0.9005080769786652,0.9043256072528224,0.9367829385640266,84587,80998,8949,5466,90053,89947,0.24597543499178506,0.5002944444444445,0.9988229153942677,1.8286420618268577,0.49999999593604694,0.9841973284180756,255.53125,255.6818181818182,251.46875
93,5.419330943192164e-06,9.847518261019987e-06,1.8703892896675634e-05,286.7388725280762,0.9042571428571429,0.9097919352580167,0.8974503088874811,0.9035789816950648,0.9683178802608827,0.8974503088874811,0.911060541863244,0.9097919352580167,0.8988731851893603,188417,191371,18682,21530,209947,210053,0.22744039697493182,0.4998738095238095,0.9994953654553851,0.22744039697493182,4.6010998737426537e-05,0.22748640797366926,0.999985471349686,0.9998171682522956,0.982624888732049,255.8501827040195,255.78562728380024,251.24847746650426,0.9204944444444444,0.9061494573377376,0.9382585810578215,0.9219245268607779,0.9787364474408249,0.9382585810578215,0.9027093732976086,0.9061494573377376,0.9359122135644797,84493,81196,8751,5560,90053,89947,0.24134582649408418,0.5002944444444445,0.9988229153942677,1.8396565067497166,0.49999999593604694,0.9841973284180756,255.53125,255.6818181818182,251.46875
94,4.071759021513154e-06,7.14967387272874e-06,1.3305503575159918e-05,285.83742356300354,0.9045,0.9098402984570388,0.897931382682296,0.9038466148542716,0.9684192260269752,0.897931382682296,0.9110653025664951,0.9098402984570388,0.8993002852430205,188518,191372,18681,21429,209947,210053,0.22721884086564745,0.4998738095238095,0.9994953654553851,0.22721884086564745,3.3265757416461745e-05,0.22725210662306392,0.9999904570132312,0.9998345655542968,0.982609535735608,255.8501827040195,255.78562728380024,251.2448233861145,0.9202444444444444,0.9048790663343353,0.9393246199460318,0.9217801606241895,0.9787428325047675,0.9393246199460318,0.9011417834947246,0.9048790663343353,0.9368462418659486,84589,81055,8892,5464,90053,89947,0.24482443678954785,0.5002944444444445,0.9988229153942677,1.8464685156941414,0.49999999593604694,0.9841973284180756,255.53125,255.6818181818182,251.46875
95,2.967382022037798e-06,4.9387066934183575e-06,8.88135603617948e-06,286.1044602394104,0.9043142857142857,0.90975886456347,0.8976170176282585,0.9036471569821526,0.9684497245209812,0.8976170176282585,0.9110081741274821,0.90975886456347,0.8990157619036433,188452,191360,18693,21495,209947,210053,0.2270402648054,0.4998738095238095,0.9994953654553851,0.2270402648054,3.196086284701218e-05,0.227072225668247,0.9999902911947067,0.999850307544979,0.983180380889676,255.8501827040195,255.78562728380024,251.40194884287453,0.9209722222222222,0.9079493856119133,0.9370370781650805,0.9222639364777503,0.9787833996176011,0.9370370781650805,0.904888434300199,0.9079493856119133,0.9348739978406193,84383,81392,8555,5670,90053,89947,0.2384242766367441,0.5002944444444445,0.9988229153942677,1.9532720104537227,0.49999999593604694,0.9841973284180756,255.53125,255.6818181818182,251.46875
96,2.1072898315315413e-06,3.2167986807615425e-06,5.4358163792215465e-06,286.4447720050812,0.9038142857142857,0.9097425288911875,0.8965262661528862,0.9030860465785762,0.9682552694065545,0.8965262661528862,0.9110986274892527,0.9097425288911875,0.8980586852367165,188223,191379,18674,21724,209947,210053,0.22783823953839372,0.4998738095238095,0.9994953654553851,0.22783823953839372,3.531319018196911e-05,0.22787355272857568,0.9999928160068033,0.9998645517007607,0.9821686635748363,255.8501827040195,255.78562728380024,251.1400730816078,0.9207833333333333,0.9066812611336467,0.938225267342565,0.9221835962868167,0.9787897857926553,0.938225267342565,0.9033208444973151,0.9066812611336467,0.9359204736563227,84490,81251,8696,5563,90053,89947,0.24197128774936905,0.5002944444444445,0.9988229153942677,1.8653316125273705,0.49999999593604694,0.9841973284180756,255.53125,255.6818181818182,251.46875
97,1.4923312571462463e-06,1.9856491500783564e-06,2.972284935942578e-06,285.9650914669037,0.9043595238095238,0.9107028815822577,0.8965834234354385,0.9035879982430833,0.9685428737786151,0.8965834234354385,0.912131700094738,0.9107028815822577,0.898212912783393,188235,191596,18457,21712,209947,210053,0.22676863794495214,0.4998738095238095,0.9994953654553851,0.22676863794495214,4.440672863085691e-05,0.22681304467358301,0.9999928070769967,0.9998774405207667,0.9829475753925028,255.8501827040195,255.78562728380024,251.33982947624847,0.9207333333333333,0.9065413541901359,0.9382918947730781,0.9221434028156718,0.9787837879510691,0.9382918947730781,0.9031540796246679,0.9065413541901359,0.9359740992937219,84496,81236,8711,5557,90053,89947,0.24409058004279027,0.5002944444444445,0.9988229153942677,1.8133371032097123,0.49999999593604694,0.9841973284180756,255.53125,255.6818181818182,251.46875
98,1.1231131887499658e-06,1.2464730973170658e-06,1.493192914451266e-06,285.6622369289398,0.9042166666666667,0.9101648218860264,0.896912077810114,0.9034898533479514,0.9685638443128308,0.896912077810114,0.9115175693753481,0.9101648218860264,0.898442119093426,188304,191467,18586,21643,209947,210053,0.22665545070287516,0.4998738095238095,0.9994953654553851,0.22665545070287516,2.3762386887839044e-05,0.226679213089763,0.9999999913605935,0.9998891029505543,0.9827548997400842,255.8501827040195,255.78562728380024,251.29719853836784,0.9205277777777777,0.9054250786786272,0.9392579925155187,0.9220312746973636,0.9788548692102873,0.9392579925155187,0.9017754900107842,0.9054250786786272,0.9368228962139936,84583,81112,8835,5470,90053,89947,0.24294331394643945,0.5002944444444445,0.9988229153942677,1.817700837146152,0.49999999593604694,0.9841973284180756,255.53125,255.6818181818182,251.46875
99,1e-06,1e-06,1e-06,286.3388385772705,0.9046738095238095,0.9103828726559556,0.8976646486970521,0.9039790292137634,0.9686392027870185,0.8976646486970521,0.911679433285885,0.9103828726559556,0.8991248251058755,188462,191501,18552,21485,209947,210053,0.2262813249618795,0.4998738095238095,0.9994953654553851,0.2262813249618795,2.5821474392657822e-05,0.22630714643627217,0.9999975831441844,0.9998996556706323,0.98237075816616,255.8501827040195,255.78562728380024,251.1863580998782,0.9211444444444444,0.9077607800556875,0.9376589341832032,0.9224676629959797,0.9788999159543041,0.9376589341832032,0.904610492845787,0.9077607800556875,0.9354571688069808,84439,81367,8580,5614,90053,89947,0.24137971689924598,0.5002944444444445,0.9988229153942677,1.8247077437964352,0.49999999593604694,0.9841973284180756,255.53125,255.6818181818182,251.46875
