timestamp,checkpoint,script,source,db_file,threshold,min_hits,min_strings,n_events_new,n_events_skipped,is_successful,error_msg
2026-05-25T20:29:10,260508_1724_da_nu_classifier_h5s0_lambda0.01_thr0.8_seed32,predict_npy.py,mc_merged,inference_v2/nu_classifier/preds/260508_1724_da_nu_classifier_h5s0_lambda0.01_thr0.8_seed32/mc_merged_thrunknown.duckdb,nan,5,0,0,0,False,[Errno 2] No such file or directory: 'experiments/numu/260508_1724_da_nu_classifier_h5s0_lambda0.01_thr0.8_seed32/best.pt'
2026-05-26T06:46:10,260508_1724_da_nu_classifier_h5s0_lambda0.01_thr0.8_seed32@best_da_model,predict_npy.py,mc_merged,inference_v2/nu_classifier/preds/260508_1724_da_nu_classifier_h5s0_lambda0.01_thr0.8_seed32@best_da_model/mc_merged_thrunknown.duckdb,nan,8,2,2107606,0,True,
2026-05-26T06:50:47,260508_1724_da_nu_classifier_h5s0_lambda0.01_thr0.8_seed32@best_da_model,predict_npy.py,mc_merged,inference_v2/nu_classifier/preds/260508_1724_da_nu_classifier_h5s0_lambda0.01_thr0.8_seed32@best_da_model/mc_merged_thr0p8.duckdb,0.8,8,2,2107606,0,True,
2026-05-26T07:16:45,260508_1724_da_nu_classifier_h5s0_lambda0.01_thr0.8_seed32@best_da_model,predict_mc.py,mc_merged,inference_v2/nu_classifier/preds/260508_1724_da_nu_classifier_h5s0_lambda0.01_thr0.8_seed32@best_da_model/mc_merged_thr0p8.duckdb,0.8,8,2,0,0,True,
2026-05-26T07:47:44,260508_1724_da_nu_classifier_h5s0_lambda0.01_thr0.8_seed32@best_da_model,predict_mc.py,mc_merged,inference_v2/nu_classifier/preds/260508_1724_da_nu_classifier_h5s0_lambda0.01_thr0.8_seed32@best_da_model/mc_merged_thr0p8.duckdb,0.8,5,0,0,0,False,"IO Error: Could not set lock on file ""/home/albert/Baikal2025/inference_v2/nu_classifier/preds/260508_1724_da_nu_classifier_h5s0_lambda0.01_thr0.8_seed32@best_da_model/mc_merged_thr0p8.duckdb"": Conflicting lock is held in /home/albert/miniconda3/envs/baikal25/bin/python3.10 (PID 174608) by user albert. See also https://duckdb.org/docs/stable/connect/concurrency"
2026-05-26T07:48:19,260508_1724_da_nu_classifier_h5s0_lambda0.01_thr0.8_seed32@best_da_model,predict_mc.py,mc_merged,inference_v2/nu_classifier/preds/260508_1724_da_nu_classifier_h5s0_lambda0.01_thr0.8_seed32@best_da_model/mc_merged_thr0p8.duckdb,0.8,5,0,0,0,False,"IO Error: Could not set lock on file ""/home/albert/Baikal2025/inference_v2/nu_classifier/preds/260508_1724_da_nu_classifier_h5s0_lambda0.01_thr0.8_seed32@best_da_model/mc_merged_thr0p8.duckdb"": Conflicting lock is held in /home/albert/miniconda3/envs/baikal25/bin/python3.10 (PID 174608) by user albert. See also https://duckdb.org/docs/stable/connect/concurrency"
2026-05-26T07:50:22,260508_1724_da_nu_classifier_h5s0_lambda0.01_thr0.8_seed32@best_da_model,predict_mc.py,mc_merged,inference_v2/nu_classifier/preds/260508_1724_da_nu_classifier_h5s0_lambda0.01_thr0.8_seed32@best_da_model/mc_merged_thr0p8.duckdb,0.8,5,0,1695780,592179,True,
2026-05-26T09:40:48,260508_1724_da_nu_classifier_h5s0_lambda0.01_thr0.8_seed32@best_da_model,predict_mc.py,mc_merged,inference_v2/nu_classifier/preds/260508_1724_da_nu_classifier_h5s0_lambda0.01_thr0.8_seed32@best_da_model/mc_merged_thr0p8.duckdb,0.8,5,0,1772862,1624212,True,
2026-05-26T15:57:38,260508_1724_da_nu_classifier_h5s0_lambda0.01_thr0.8_seed32@best_da_model,predict_exp.py,exp_reco,inference_v2/nu_classifier/preds/260508_1724_da_nu_classifier_h5s0_lambda0.01_thr0.8_seed32@best_da_model/exp_reco_thr0p8.duckdb,0.8,5,0,12061961,0,True,
2026-05-26T16:33:46,260508_1724_da_nu_classifier_h5s0_lambda0.01_thr0.8_seed32@best_da_model,predict_exp.py,exp,inference_v2/nu_classifier/preds/260508_1724_da_nu_classifier_h5s0_lambda0.01_thr0.8_seed32@best_da_model/exp_thr0p8.duckdb,0.8,5,0,0,0,True,
2026-05-26T16:41:03,260508_1724_da_nu_classifier_h5s0_lambda0.01_thr0.8_seed32@best_da_model,predict_exp.py,exp,inference_v2/nu_classifier/preds/260508_1724_da_nu_classifier_h5s0_lambda0.01_thr0.8_seed32@best_da_model/exp_thr0p8.duckdb,0.8,5,0,37786,0,True,
2026-05-26T16:59:49,260508_1724_da_nu_classifier_h5s0_lambda0.01_thr0.8_seed32@best_da_model,predict_mc.py,mc_merged,inference_v2/nu_classifier/preds/260508_1724_da_nu_classifier_h5s0_lambda0.01_thr0.8_seed32@best_da_model/mc_merged_thr0p8.duckdb,0.8,5,0,0,0,True,
2026-05-26T17:17:43,260508_1724_da_nu_classifier_h5s0_lambda0.01_thr0.8_seed32@best_da_model,predict_npy.py,mc_merged,inference_v2/nu_classifier/preds/260508_1724_da_nu_classifier_h5s0_lambda0.01_thr0.8_seed32@best_da_model/mc_merged_thr0p8.duckdb,0.8,5,0,2980404,2276092,True,
2026-05-26T17:26:05,260508_1724_da_nu_classifier_h5s0_lambda0.01_thr0.8_seed32@best_da_model,predict_mc.py,mc_merged,inference_v2/nu_classifier/preds/260508_1724_da_nu_classifier_h5s0_lambda0.01_thr0.8_seed32@best_da_model/mc_merged_thr0p8.duckdb,0.8,5,0,1970575,4070269,True,
2026-05-26T18:41:21,260508_1724_da_nu_classifier_h5s0_lambda0.01_thr0.8_seed32@best_da_model,predict_mc.py,mc_reco,inference_v2/nu_classifier/preds/260508_1724_da_nu_classifier_h5s0_lambda0.01_thr0.8_seed32@best_da_model/mc_reco_thr0p8.duckdb,0.8,5,0,2670467,0,True,
2026-05-27T14:57:19,260503_1101_da_nu_classifier_h5s0_lambda0.0@best_da_model,predict_npy.py,mc_merged,inference_v2/nu_classifier/preds/260503_1101_da_nu_classifier_h5s0_lambda0.0@best_da_model/mc_merged_thr0p5.duckdb,0.5,5,0,0,0,False,[Errno 2] No such file or directory: 'data_manager/datasets/nu_classifier_dataset_h5s0_thr0.5/h5_part_keys.npy'
2026-05-27T14:59:07,260507_2111_da_nu_classifier_h5s0_lambda0.001_thr0.8@best_da_model,predict_npy.py,mc_merged,inference_v2/nu_classifier/preds/260507_2111_da_nu_classifier_h5s0_lambda0.001_thr0.8@best_da_model/mc_merged_thr0p8.duckdb,0.8,5,0,5256496,0,True,
2026-05-27T15:01:28,260507_2119_da_nu_classifier_h5s0_lambda0.0_thr0.8@best_da_model,predict_npy.py,mc_merged,inference_v2/nu_classifier/preds/260507_2119_da_nu_classifier_h5s0_lambda0.0_thr0.8@best_da_model/mc_merged_thr0p8.duckdb,0.8,5,0,5256496,0,True,
2026-05-27T15:03:48,260507_2121_da_nu_classifier_h5s0_lambda0.01_thr0.8@best_da_model,predict_npy.py,mc_merged,inference_v2/nu_classifier/preds/260507_2121_da_nu_classifier_h5s0_lambda0.01_thr0.8@best_da_model/mc_merged_thr0p8.duckdb,0.8,5,0,5256496,0,True,
2026-05-27T15:06:06,260508_1724_da_nu_classifier_h5s0_lambda0.01_thr0.8_seed27@best_da_model,predict_npy.py,mc_merged,inference_v2/nu_classifier/preds/260508_1724_da_nu_classifier_h5s0_lambda0.01_thr0.8_seed27@best_da_model/mc_merged_thr0p8.duckdb,0.8,5,0,5256496,0,True,
2026-05-27T15:08:23,260509_1015_da_nu_classifier_h5s0_lambda0.01_thr0.8_seed27_lr1e4@best_da_model,predict_npy.py,mc_merged,inference_v2/nu_classifier/preds/260509_1015_da_nu_classifier_h5s0_lambda0.01_thr0.8_seed27_lr1e4@best_da_model/mc_merged_thr0p8.duckdb,0.8,5,0,5256496,0,True,
2026-05-27T15:10:43,260503_1101_da_nu_classifier_h5s0_lambda0.0@best_da_model,predict_mc.py,mc_merged,inference_v2/nu_classifier/preds/260503_1101_da_nu_classifier_h5s0_lambda0.0@best_da_model/mc_merged_thr0p5.duckdb,0.5,5,0,1542932,0,True,
2026-05-27T15:10:43,260508_1724_da_nu_classifier_h5s0_lambda0.01_thr0.8_seed27@best_da_model,predict_mc.py,mc_merged,inference_v2/nu_classifier/preds/260508_1724_da_nu_classifier_h5s0_lambda0.01_thr0.8_seed27@best_da_model/mc_merged_thr0p8.duckdb,0.8,5,0,1120037,0,True,
2026-05-27T15:10:43,260507_2111_da_nu_classifier_h5s0_lambda0.001_thr0.8@best_da_model,predict_mc.py,mc_merged,inference_v2/nu_classifier/preds/260507_2111_da_nu_classifier_h5s0_lambda0.001_thr0.8@best_da_model/mc_merged_thr0p8.duckdb,0.8,5,0,1120037,0,True,
2026-05-27T15:10:43,260503_1101_da_nu_classifier_h5s0_lambda0.001@best_da_model,predict_mc.py,mc_merged,inference_v2/nu_classifier/preds/260503_1101_da_nu_classifier_h5s0_lambda0.001@best_da_model/mc_merged_thr0p5.duckdb,0.5,5,0,1542932,0,True,
2026-05-27T15:10:43,260503_1103_da_nu_classifier_h5s0_lambda0.001_drout0.3@best_da_model,predict_mc.py,mc_merged,inference_v2/nu_classifier/preds/260503_1103_da_nu_classifier_h5s0_lambda0.001_drout0.3@best_da_model/mc_merged_thr0p5.duckdb,0.5,5,0,1542933,0,True,
2026-05-27T15:10:43,260507_2121_da_nu_classifier_h5s0_lambda0.01_thr0.8@best_da_model,predict_mc.py,mc_merged,inference_v2/nu_classifier/preds/260507_2121_da_nu_classifier_h5s0_lambda0.01_thr0.8@best_da_model/mc_merged_thr0p8.duckdb,0.8,5,0,1120044,0,True,
2026-05-27T15:10:43,260507_2119_da_nu_classifier_h5s0_lambda0.0_thr0.8@best_da_model,predict_mc.py,mc_merged,inference_v2/nu_classifier/preds/260507_2119_da_nu_classifier_h5s0_lambda0.0_thr0.8@best_da_model/mc_merged_thr0p8.duckdb,0.8,5,0,1120037,0,True,
2026-05-27T15:10:43,260509_1015_da_nu_classifier_h5s0_lambda0.01_thr0.8_seed27_lr1e4@best_da_model,predict_mc.py,mc_merged,inference_v2/nu_classifier/preds/260509_1015_da_nu_classifier_h5s0_lambda0.01_thr0.8_seed27_lr1e4@best_da_model/mc_merged_thr0p8.duckdb,0.8,5,0,1120037,0,True,
2026-05-27T15:25:10,260508_1724_da_nu_classifier_h5s0_lambda0.01_thr0.8_seed27@best_da_model,predict_mc.py,mc_reco,inference_v2/nu_classifier/preds/260508_1724_da_nu_classifier_h5s0_lambda0.01_thr0.8_seed27@best_da_model/mc_reco_thr0p8.duckdb,0.8,5,0,1293814,0,False,"CUDA out of memory. Tried to allocate 740.00 MiB. GPU 1 has a total capacity of 31.47 GiB of which 354.81 MiB is free. Including non-PyTorch memory, this process has 3.33 GiB memory in use. Process 1301856 has 13.89 GiB memory in use. Process 1301862 has 13.89 GiB memory in use. Of the allocated memory 1.34 GiB is allocated by PyTorch, and 1.64 GiB is reserved by PyTorch but unallocated. If reserved but unallocated memory is large try setting PYTORCH_CUDA_ALLOC_CONF=expandable_segments:True to avoid fragmentation.  See documentation for Memory Management  (https://docs.pytorch.org/docs/stable/notes/cuda.html#optimizing-memory-usage-with-pytorch-cuda-alloc-conf)"
2026-05-27T15:25:10,260507_2111_da_nu_classifier_h5s0_lambda0.001_thr0.8@best_da_model,predict_mc.py,mc_reco,inference_v2/nu_classifier/preds/260507_2111_da_nu_classifier_h5s0_lambda0.001_thr0.8@best_da_model/mc_reco_thr0p8.duckdb,0.8,5,0,1573061,0,True,
2026-05-27T15:25:10,260503_1101_da_nu_classifier_h5s0_lambda0.0@best_da_model,predict_mc.py,mc_reco,inference_v2/nu_classifier/preds/260503_1101_da_nu_classifier_h5s0_lambda0.0@best_da_model/mc_reco_thr0p5.duckdb,0.5,5,0,1688927,0,True,
2026-05-27T15:25:10,260507_2119_da_nu_classifier_h5s0_lambda0.0_thr0.8@best_da_model,predict_mc.py,mc_reco,inference_v2/nu_classifier/preds/260507_2119_da_nu_classifier_h5s0_lambda0.0_thr0.8@best_da_model/mc_reco_thr0p8.duckdb,0.8,5,0,1573061,0,True,
2026-05-27T15:25:10,260509_1015_da_nu_classifier_h5s0_lambda0.01_thr0.8_seed27_lr1e4@best_da_model,predict_mc.py,mc_reco,inference_v2/nu_classifier/preds/260509_1015_da_nu_classifier_h5s0_lambda0.01_thr0.8_seed27_lr1e4@best_da_model/mc_reco_thr0p8.duckdb,0.8,5,0,1573061,0,True,
2026-05-27T15:25:10,260503_1101_da_nu_classifier_h5s0_lambda0.001@best_da_model,predict_mc.py,mc_reco,inference_v2/nu_classifier/preds/260503_1101_da_nu_classifier_h5s0_lambda0.001@best_da_model/mc_reco_thr0p5.duckdb,0.5,5,0,1688927,0,True,
2026-05-27T15:25:10,260503_1103_da_nu_classifier_h5s0_lambda0.001_drout0.3@best_da_model,predict_mc.py,mc_reco,inference_v2/nu_classifier/preds/260503_1103_da_nu_classifier_h5s0_lambda0.001_drout0.3@best_da_model/mc_reco_thr0p5.duckdb,0.5,5,0,1688927,0,True,
2026-05-27T15:25:10,260507_2121_da_nu_classifier_h5s0_lambda0.01_thr0.8@best_da_model,predict_mc.py,mc_reco,inference_v2/nu_classifier/preds/260507_2121_da_nu_classifier_h5s0_lambda0.01_thr0.8@best_da_model/mc_reco_thr0p8.duckdb,0.8,5,0,1573060,0,True,
2026-05-27T18:51:53,260508_1724_da_nu_classifier_h5s0_lambda0.01_thr0.8_seed27@best_da_model,predict_mc.py,mc_reco,inference_v2/nu_classifier/preds/260508_1724_da_nu_classifier_h5s0_lambda0.01_thr0.8_seed27@best_da_model/mc_reco_thr0p8.duckdb,0.8,5,0,1100081,0,True,
2026-05-28T20:00:29,260503_1101_da_nu_classifier_h5s0_lambda0.0@best_da_model,predict_exp.py,exp,inference_v2/nu_classifier/preds/260503_1101_da_nu_classifier_h5s0_lambda0.0@best_da_model/exp_thr0p5.duckdb,0.5,5,0,64599,0,True,
2026-05-28T20:02:16,260503_1101_da_nu_classifier_h5s0_lambda0.001@best_da_model,predict_exp.py,exp,inference_v2/nu_classifier/preds/260503_1101_da_nu_classifier_h5s0_lambda0.001@best_da_model/exp_thr0p5.duckdb,0.5,5,0,64599,0,True,
2026-05-28T20:03:45,260503_1103_da_nu_classifier_h5s0_lambda0.001_drout0.3@best_da_model,predict_exp.py,exp,inference_v2/nu_classifier/preds/260503_1103_da_nu_classifier_h5s0_lambda0.001_drout0.3@best_da_model/exp_thr0p5.duckdb,0.5,5,0,64599,0,True,
2026-05-28T20:04:36,260507_2111_da_nu_classifier_h5s0_lambda0.001_thr0.8@best_da_model,predict_exp.py,exp,inference_v2/nu_classifier/preds/260507_2111_da_nu_classifier_h5s0_lambda0.001_thr0.8@best_da_model/exp_thr0p8.duckdb,0.8,5,0,37786,0,True,
2026-05-28T20:05:34,260507_2119_da_nu_classifier_h5s0_lambda0.0_thr0.8@best_da_model,predict_exp.py,exp,inference_v2/nu_classifier/preds/260507_2119_da_nu_classifier_h5s0_lambda0.0_thr0.8@best_da_model/exp_thr0p8.duckdb,0.8,5,0,37786,0,True,
2026-05-28T20:06:43,260507_2121_da_nu_classifier_h5s0_lambda0.01_thr0.8@best_da_model,predict_exp.py,exp,inference_v2/nu_classifier/preds/260507_2121_da_nu_classifier_h5s0_lambda0.01_thr0.8@best_da_model/exp_thr0p8.duckdb,0.8,5,0,37786,0,True,
2026-05-28T20:07:38,260508_1724_da_nu_classifier_h5s0_lambda0.01_thr0.8_seed27@best_da_model,predict_exp.py,exp,inference_v2/nu_classifier/preds/260508_1724_da_nu_classifier_h5s0_lambda0.01_thr0.8_seed27@best_da_model/exp_thr0p8.duckdb,0.8,5,0,37786,0,True,
2026-05-28T20:08:43,260509_1015_da_nu_classifier_h5s0_lambda0.01_thr0.8_seed27_lr1e4@best_da_model,predict_exp.py,exp,inference_v2/nu_classifier/preds/260509_1015_da_nu_classifier_h5s0_lambda0.01_thr0.8_seed27_lr1e4@best_da_model/exp_thr0p8.duckdb,0.8,5,0,37786,0,True,
2026-06-04T15:40:04,260531_1700_da_nu_classifier_h5s0_lambda0.1_thr0.8_FixedDA@best_da_model,predict_npy.py,mc_merged,inference_v2/nu_classifier/preds/260531_1700_da_nu_classifier_h5s0_lambda0.1_thr0.8_FixedDA@best_da_model/mc_merged_thr0p8.duckdb,0.8,5,0,0,0,True,
2026-06-04T15:40:13,260531_1700_da_nu_classifier_h5s0_lambda0.1_thr0.8_FixedDA@best_da_model,predict_npy.py,mc_merged,inference_v2/nu_classifier/preds/260531_1700_da_nu_classifier_h5s0_lambda0.1_thr0.8_FixedDA@best_da_model/mc_merged_thr0p8.duckdb,0.8,5,0,5256496,0,True,
2026-06-04T15:43:30,260531_1720_da_nu_classifier_h5s0_lambda0.01_thr0.8_FixedDA@best_da_model,predict_npy.py,mc_merged,inference_v2/nu_classifier/preds/260531_1720_da_nu_classifier_h5s0_lambda0.01_thr0.8_FixedDA@best_da_model/mc_merged_thr0p8.duckdb,0.8,5,0,5256496,0,True,
2026-06-04T15:45:51,260531_1722_da_nu_classifier_h5s0_lambda0.0_thr0.8_FixedDA@best_da_model,predict_npy.py,mc_merged,inference_v2/nu_classifier/preds/260531_1722_da_nu_classifier_h5s0_lambda0.0_thr0.8_FixedDA@best_da_model/mc_merged_thr0p8.duckdb,0.8,5,0,5256496,0,True,
2026-06-04T15:48:09,260531_1720_da_nu_classifier_h5s0_lambda0.01_thr0.8_FixedDA@best_da_model,predict_mc.py,mc_merged,inference_v2/nu_classifier/preds/260531_1720_da_nu_classifier_h5s0_lambda0.01_thr0.8_FixedDA@best_da_model/mc_merged_thr0p8.duckdb,0.8,5,0,1120037,0,True,
2026-06-04T15:48:09,260531_1700_da_nu_classifier_h5s0_lambda0.1_thr0.8_FixedDA@best_da_model,predict_mc.py,mc_merged,inference_v2/nu_classifier/preds/260531_1700_da_nu_classifier_h5s0_lambda0.1_thr0.8_FixedDA@best_da_model/mc_merged_thr0p8.duckdb,0.8,5,0,1120037,0,True,
2026-06-04T15:48:09,260531_1722_da_nu_classifier_h5s0_lambda0.0_thr0.8_FixedDA@best_da_model,predict_mc.py,mc_merged,inference_v2/nu_classifier/preds/260531_1722_da_nu_classifier_h5s0_lambda0.0_thr0.8_FixedDA@best_da_model/mc_merged_thr0p8.duckdb,0.8,5,0,1120044,0,True,
2026-06-04T15:55:38,260531_1700_da_nu_classifier_h5s0_lambda0.1_thr0.8_FixedDA@best_da_model,predict_mc.py,mc_reco,inference_v2/nu_classifier/preds/260531_1700_da_nu_classifier_h5s0_lambda0.1_thr0.8_FixedDA@best_da_model/mc_reco_thr0p8.duckdb,0.8,5,0,1573061,0,True,
2026-06-04T15:55:38,260531_1720_da_nu_classifier_h5s0_lambda0.01_thr0.8_FixedDA@best_da_model,predict_mc.py,mc_reco,inference_v2/nu_classifier/preds/260531_1720_da_nu_classifier_h5s0_lambda0.01_thr0.8_FixedDA@best_da_model/mc_reco_thr0p8.duckdb,0.8,5,0,1573061,0,True,
2026-06-04T15:55:38,260531_1722_da_nu_classifier_h5s0_lambda0.0_thr0.8_FixedDA@best_da_model,predict_mc.py,mc_reco,inference_v2/nu_classifier/preds/260531_1722_da_nu_classifier_h5s0_lambda0.0_thr0.8_FixedDA@best_da_model/mc_reco_thr0p8.duckdb,0.8,5,0,1573060,0,True,
2026-06-04T16:01:39,260531_1700_da_nu_classifier_h5s0_lambda0.1_thr0.8_FixedDA@best_da_model,predict_exp.py,exp,inference_v2/nu_classifier/preds/260531_1700_da_nu_classifier_h5s0_lambda0.1_thr0.8_FixedDA@best_da_model/exp_thr0p8.duckdb,0.8,5,0,37786,0,True,
2026-06-04T16:01:39,260531_1720_da_nu_classifier_h5s0_lambda0.01_thr0.8_FixedDA@best_da_model,predict_exp.py,exp,inference_v2/nu_classifier/preds/260531_1720_da_nu_classifier_h5s0_lambda0.01_thr0.8_FixedDA@best_da_model/exp_thr0p8.duckdb,0.8,5,0,37786,0,True,
2026-06-04T16:01:39,260531_1722_da_nu_classifier_h5s0_lambda0.0_thr0.8_FixedDA@best_da_model,predict_exp.py,exp,inference_v2/nu_classifier/preds/260531_1722_da_nu_classifier_h5s0_lambda0.0_thr0.8_FixedDA@best_da_model/exp_thr0p8.duckdb,0.8,5,0,37786,0,True,
2026-06-10T22:04:04,260531_1720_da_nu_classifier_h5s0_lambda0.01_thr0.8_FixedDA@best_da_model,predict_mc.py,mc_reco,inference_v2/nu_classifier/preds/260531_1720_da_nu_classifier_h5s0_lambda0.01_thr0.8_FixedDA@best_da_model/mc_reco_thr0p8.duckdb,0.8,5,0,1279814,0,True,
2026-06-10T22:10:45,260531_1720_da_nu_classifier_h5s0_lambda0.01_thr0.8_FixedDA@best_da_model,predict_mc.py,mc_merged,inference_v2/nu_classifier/preds/260531_1720_da_nu_classifier_h5s0_lambda0.01_thr0.8_FixedDA@best_da_model/mc_merged_thr0p8.duckdb,0.8,5,0,0,0,True,
2026-06-10T22:12:03,260531_1720_da_nu_classifier_h5s0_lambda0.01_thr0.8_FixedDA@best_da_model,predict_mc.py,mc_merged,inference_v2/nu_classifier/preds/260531_1720_da_nu_classifier_h5s0_lambda0.01_thr0.8_FixedDA@best_da_model/mc_merged_thr0p8.duckdb,0.8,5,0,10648448,0,True,
2026-06-25T17:44:35,260508_1724_da_nu_classifier_h5s0_lambda0.01_thr0.8_seed32@best_da_model,predict_exp.py,exp_full,inference_v2/nu_classifier/preds/260508_1724_da_nu_classifier_h5s0_lambda0.01_thr0.8_seed32@best_da_model/exp_full_thr0p8.duckdb,0.8,5,0,7938765,0,True,
2026-07-06T04:45:36,260705_0702_da_nu_classifier_exp_full_E1_lambda0.01@best_da_model,predict_mc.py,mc_merged,inference_v2/nu_classifier/preds/260705_0702_da_nu_classifier_exp_full_E1_lambda0.01@best_da_model/mc_merged_thr0p8.duckdb,0.8,5,0,796690,0,True,
2026-07-06T05:03:27,260705_0702_da_nu_classifier_exp_full_E1_lambda0.01@best_da_model,predict_mc.py,mc_merged,inference_v2/nu_classifier/preds/260705_0702_da_nu_classifier_exp_full_E1_lambda0.01@best_da_model/mc_merged_thr0p8.duckdb,0.8,5,0,0,796690,True,
2026-07-06T05:06:58,260705_0702_da_nu_classifier_exp_full_E1_lambda0.01@best_da_model,predict_exp.py,exp_full,inference_v2/nu_classifier/preds/260705_0702_da_nu_classifier_exp_full_E1_lambda0.01@best_da_model/exp_full_thr0p8.duckdb,0.8,5,0,1135469,185008,True,
2026-07-06T05:31:23,260705_0708_da_nu_classifier_exp_full_E2_lambda0.01@best_da_model,predict_mc.py,mc_merged,inference_v2/nu_classifier/preds/260705_0708_da_nu_classifier_exp_full_E2_lambda0.01@best_da_model/mc_merged_thr0p8.duckdb,0.8,5,0,796690,0,True,
2026-07-06T05:34:49,260705_0708_da_nu_classifier_exp_full_E2_lambda0.01@best_da_model,predict_exp.py,exp_full,inference_v2/nu_classifier/preds/260705_0708_da_nu_classifier_exp_full_E2_lambda0.01@best_da_model/exp_full_thr0p8.duckdb,0.8,5,0,1320477,0,True,
2026-07-06T05:59:37,260705_0721_da_nu_classifier_exp_full_E3b_lambda0.01@best_da_model,predict_mc.py,mc_merged,inference_v2/nu_classifier/preds/260705_0721_da_nu_classifier_exp_full_E3b_lambda0.01@best_da_model/mc_merged_thr0p8.duckdb,0.8,5,0,796690,0,True,
2026-07-06T06:02:51,260705_0721_da_nu_classifier_exp_full_E3b_lambda0.01@best_da_model,predict_exp.py,exp_full,inference_v2/nu_classifier/preds/260705_0721_da_nu_classifier_exp_full_E3b_lambda0.01@best_da_model/exp_full_thr0p8.duckdb,0.8,5,0,1320477,0,True,
2026-07-06T07:31:24,260705_0702_da_nu_classifier_exp_full_E1_lambda0.01@da_checkpoint_epoch_010,predict_mc.py,mc_merged,inference_v2/nu_classifier/preds/260705_0702_da_nu_classifier_exp_full_E1_lambda0.01@da_checkpoint_epoch_010/mc_merged_thr0p8.duckdb,0.8,5,0,796690,0,True,
2026-07-06T07:34:22,260705_0702_da_nu_classifier_exp_full_E1_lambda0.01@da_checkpoint_epoch_010,predict_exp.py,exp_full,inference_v2/nu_classifier/preds/260705_0702_da_nu_classifier_exp_full_E1_lambda0.01@da_checkpoint_epoch_010/exp_full_thr0p8.duckdb,0.8,5,0,1320477,0,True,
2026-07-06T08:39:05,260705_0708_da_nu_classifier_exp_full_E2_lambda0.01@da_checkpoint_epoch_022,predict_mc.py,mc_merged,inference_v2/nu_classifier/preds/260705_0708_da_nu_classifier_exp_full_E2_lambda0.01@da_checkpoint_epoch_022/mc_merged_thr0p8.duckdb,0.8,5,0,796690,0,True,
2026-07-06T08:42:05,260705_0708_da_nu_classifier_exp_full_E2_lambda0.01@da_checkpoint_epoch_022,predict_exp.py,exp_full,inference_v2/nu_classifier/preds/260705_0708_da_nu_classifier_exp_full_E2_lambda0.01@da_checkpoint_epoch_022/exp_full_thr0p8.duckdb,0.8,5,0,1320477,0,True,
2026-07-06T09:45:18,260705_0708_da_nu_classifier_exp_full_E2_lambda0.01@da_checkpoint_epoch_028,predict_mc.py,mc_merged,inference_v2/nu_classifier/preds/260705_0708_da_nu_classifier_exp_full_E2_lambda0.01@da_checkpoint_epoch_028/mc_merged_thr0p8.duckdb,0.8,5,0,796690,0,True,
2026-07-06T09:48:16,260705_0708_da_nu_classifier_exp_full_E2_lambda0.01@da_checkpoint_epoch_028,predict_exp.py,exp_full,inference_v2/nu_classifier/preds/260705_0708_da_nu_classifier_exp_full_E2_lambda0.01@da_checkpoint_epoch_028/exp_full_thr0p8.duckdb,0.8,5,0,1320477,0,True,
2026-07-06T10:53:00,260705_0721_da_nu_classifier_exp_full_E3b_lambda0.01@da_checkpoint_epoch_010,predict_mc.py,mc_merged,inference_v2/nu_classifier/preds/260705_0721_da_nu_classifier_exp_full_E3b_lambda0.01@da_checkpoint_epoch_010/mc_merged_thr0p8.duckdb,0.8,5,0,796690,0,True,
2026-07-06T11:01:26,260705_0721_da_nu_classifier_exp_full_E3b_lambda0.01@da_checkpoint_epoch_010,predict_exp.py,exp_full,inference_v2/nu_classifier/preds/260705_0721_da_nu_classifier_exp_full_E3b_lambda0.01@da_checkpoint_epoch_010/exp_full_thr0p8.duckdb,0.8,5,0,1320477,0,True,
2026-07-06T17:48:30,260705_0721_da_nu_classifier_exp_full_E3b_lambda0.01@da_checkpoint_epoch_001,predict_mc.py,mc_merged,inference_v2/nu_classifier/preds/260705_0721_da_nu_classifier_exp_full_E3b_lambda0.01@da_checkpoint_epoch_001/mc_merged_thr0p8.duckdb,0.8,5,0,796690,0,True,
2026-07-06T17:51:36,260705_0721_da_nu_classifier_exp_full_E3b_lambda0.01@da_checkpoint_epoch_001,predict_exp.py,exp_full,inference_v2/nu_classifier/preds/260705_0721_da_nu_classifier_exp_full_E3b_lambda0.01@da_checkpoint_epoch_001/exp_full_thr0p8.duckdb,0.8,5,0,1320477,0,True,
2026-07-06T18:06:10,260705_0721_da_nu_classifier_exp_full_E3b_lambda0.01@da_checkpoint_epoch_003,predict_mc.py,mc_merged,inference_v2/nu_classifier/preds/260705_0721_da_nu_classifier_exp_full_E3b_lambda0.01@da_checkpoint_epoch_003/mc_merged_thr0p8.duckdb,0.8,5,0,796690,0,True,
2026-07-06T18:09:04,260705_0721_da_nu_classifier_exp_full_E3b_lambda0.01@da_checkpoint_epoch_003,predict_exp.py,exp_full,inference_v2/nu_classifier/preds/260705_0721_da_nu_classifier_exp_full_E3b_lambda0.01@da_checkpoint_epoch_003/exp_full_thr0p8.duckdb,0.8,5,0,1320477,0,True,
2026-07-06T18:22:58,260705_0721_da_nu_classifier_exp_full_E3b_lambda0.01@da_checkpoint_epoch_005,predict_mc.py,mc_merged,inference_v2/nu_classifier/preds/260705_0721_da_nu_classifier_exp_full_E3b_lambda0.01@da_checkpoint_epoch_005/mc_merged_thr0p8.duckdb,0.8,5,0,796690,0,True,
2026-07-06T18:25:58,260705_0721_da_nu_classifier_exp_full_E3b_lambda0.01@da_checkpoint_epoch_005,predict_exp.py,exp_full,inference_v2/nu_classifier/preds/260705_0721_da_nu_classifier_exp_full_E3b_lambda0.01@da_checkpoint_epoch_005/exp_full_thr0p8.duckdb,0.8,5,0,1320477,0,True,
2026-07-06T18:40:03,260705_0708_da_nu_classifier_exp_full_E2_lambda0.01@da_checkpoint_epoch_001,predict_mc.py,mc_merged,inference_v2/nu_classifier/preds/260705_0708_da_nu_classifier_exp_full_E2_lambda0.01@da_checkpoint_epoch_001/mc_merged_thr0p8.duckdb,0.8,5,0,796690,0,True,
2026-07-06T18:43:16,260705_0708_da_nu_classifier_exp_full_E2_lambda0.01@da_checkpoint_epoch_001,predict_exp.py,exp_full,inference_v2/nu_classifier/preds/260705_0708_da_nu_classifier_exp_full_E2_lambda0.01@da_checkpoint_epoch_001/exp_full_thr0p8.duckdb,0.8,5,0,1320477,0,True,
2026-07-06T18:54:52,260705_0708_da_nu_classifier_exp_full_E2_lambda0.01@da_checkpoint_epoch_003,predict_mc.py,mc_merged,inference_v2/nu_classifier/preds/260705_0708_da_nu_classifier_exp_full_E2_lambda0.01@da_checkpoint_epoch_003/mc_merged_thr0p8.duckdb,0.8,5,0,796690,0,True,
2026-07-06T18:57:51,260705_0708_da_nu_classifier_exp_full_E2_lambda0.01@da_checkpoint_epoch_003,predict_exp.py,exp_full,inference_v2/nu_classifier/preds/260705_0708_da_nu_classifier_exp_full_E2_lambda0.01@da_checkpoint_epoch_003/exp_full_thr0p8.duckdb,0.8,5,0,1320477,0,True,
2026-07-06T19:07:33,260705_0708_da_nu_classifier_exp_full_E2_lambda0.01@da_checkpoint_epoch_005,predict_mc.py,mc_merged,inference_v2/nu_classifier/preds/260705_0708_da_nu_classifier_exp_full_E2_lambda0.01@da_checkpoint_epoch_005/mc_merged_thr0p8.duckdb,0.8,5,0,796690,0,True,
2026-07-06T19:10:32,260705_0708_da_nu_classifier_exp_full_E2_lambda0.01@da_checkpoint_epoch_005,predict_exp.py,exp_full,inference_v2/nu_classifier/preds/260705_0708_da_nu_classifier_exp_full_E2_lambda0.01@da_checkpoint_epoch_005/exp_full_thr0p8.duckdb,0.8,5,0,1320477,0,True,
2026-07-06T19:20:13,260705_0708_da_nu_classifier_exp_full_E2_lambda0.01@da_checkpoint_epoch_010,predict_mc.py,mc_merged,inference_v2/nu_classifier/preds/260705_0708_da_nu_classifier_exp_full_E2_lambda0.01@da_checkpoint_epoch_010/mc_merged_thr0p8.duckdb,0.8,5,0,796690,0,True,
2026-07-06T19:23:14,260705_0708_da_nu_classifier_exp_full_E2_lambda0.01@da_checkpoint_epoch_010,predict_exp.py,exp_full,inference_v2/nu_classifier/preds/260705_0708_da_nu_classifier_exp_full_E2_lambda0.01@da_checkpoint_epoch_010/exp_full_thr0p8.duckdb,0.8,5,0,1320477,0,True,
2026-07-06T20:31:42,260705_0702_da_nu_classifier_exp_full_E1_lambda0.01@da_checkpoint_epoch_010,predict_mc.py,mc_merged,inference_v2/nu_classifier/preds/260705_0702_da_nu_classifier_exp_full_E1_lambda0.01@da_checkpoint_epoch_010/mc_merged_thr0p8.duckdb,0.8,5,0,5797118,209772,True,
2026-07-07T05:52:32,260707_0226_da_nu_classifier_exp_full_E5_horizon_lambda0.01@da_checkpoint_epoch_005,predict_mc.py,mc_merged,inference_v2/nu_classifier/preds/260707_0226_da_nu_classifier_exp_full_E5_horizon_lambda0.01@da_checkpoint_epoch_005/mc_merged_thr0p8.duckdb,0.8,5,0,796690,0,True,
2026-07-07T06:29:10,260707_0226_da_nu_classifier_exp_full_E5_horizon_lambda0.01@da_checkpoint_epoch_005,predict_mc.py,mc_merged,inference_v2/nu_classifier/preds/260707_0226_da_nu_classifier_exp_full_E5_horizon_lambda0.01@da_checkpoint_epoch_005/mc_merged_thr0p8.duckdb,0.8,5,0,0,796690,True,
2026-07-07T06:32:11,260707_0226_da_nu_classifier_exp_full_E5_horizon_lambda0.01@da_checkpoint_epoch_005,predict_exp.py,exp_full,inference_v2/nu_classifier/preds/260707_0226_da_nu_classifier_exp_full_E5_horizon_lambda0.01@da_checkpoint_epoch_005/exp_full_thr0p8.duckdb,0.8,5,0,1135469,185008,True,
2026-07-07T06:48:14,260705_0702_da_nu_classifier_exp_full_E1_lambda0.01@da_checkpoint_epoch_005,predict_mc.py,mc_merged,inference_v2/nu_classifier/preds/260705_0702_da_nu_classifier_exp_full_E1_lambda0.01@da_checkpoint_epoch_005/mc_merged_thr0p8.duckdb,0.8,5,0,757514,39176,True,
2026-07-07T06:51:19,260705_0702_da_nu_classifier_exp_full_E1_lambda0.01@da_checkpoint_epoch_005,predict_exp.py,exp_full,inference_v2/nu_classifier/preds/260705_0702_da_nu_classifier_exp_full_E1_lambda0.01@da_checkpoint_epoch_005/exp_full_thr0p8.duckdb,0.8,5,0,1320477,0,True,
2026-07-07T07:07:53,260705_0702_da_nu_classifier_exp_full_E1_lambda0.01@da_checkpoint_epoch_001,predict_mc.py,mc_merged,inference_v2/nu_classifier/preds/260705_0702_da_nu_classifier_exp_full_E1_lambda0.01@da_checkpoint_epoch_001/mc_merged_thr0p8.duckdb,0.8,5,0,796690,0,True,
2026-07-07T07:10:56,260705_0702_da_nu_classifier_exp_full_E1_lambda0.01@da_checkpoint_epoch_001,predict_exp.py,exp_full,inference_v2/nu_classifier/preds/260705_0702_da_nu_classifier_exp_full_E1_lambda0.01@da_checkpoint_epoch_001/exp_full_thr0p8.duckdb,0.8,5,0,1320477,0,True,
2026-07-07T09:59:29,260531_1722_da_nu_classifier_h5s0_lambda0.0_thr0.8_FixedDA@da_checkpoint_epoch_015,predict_mc.py,mc_merged,inference_v2/nu_classifier/preds/260531_1722_da_nu_classifier_h5s0_lambda0.0_thr0.8_FixedDA@da_checkpoint_epoch_015/mc_merged_thr0p8.duckdb,0.8,5,0,796690,0,True,
2026-07-07T10:03:17,260531_1722_da_nu_classifier_h5s0_lambda0.0_thr0.8_FixedDA@da_checkpoint_epoch_015,predict_exp.py,exp_full,inference_v2/nu_classifier/preds/260531_1722_da_nu_classifier_h5s0_lambda0.0_thr0.8_FixedDA@da_checkpoint_epoch_015/exp_full_thr0p8.duckdb,0.8,5,0,1320477,0,True,
2026-07-08T06:15:51,260707_0226_da_nu_classifier_exp_full_E5_horizon_lambda0.01@da_checkpoint_epoch_008,predict_exp.py,exp_full,inference_v2/nu_classifier/preds/260707_0226_da_nu_classifier_exp_full_E5_horizon_lambda0.01@da_checkpoint_epoch_008/exp_full_thr0p8.duckdb,0.8,5,0,1740000,0,True,
2026-07-08T11:34:14,260707_0226_da_nu_classifier_exp_full_E5_horizon_lambda0.01@da_checkpoint_epoch_008,predict_mc.py,mc_merged,inference_v2/nu_classifier/preds/260707_0226_da_nu_classifier_exp_full_E5_horizon_lambda0.01@da_checkpoint_epoch_008/mc_merged_thr0p8.duckdb,0.8,8,3,23269648,0,True,
2026-07-08T17:23:13,260707_0226_da_nu_classifier_exp_full_E5_horizon_lambda0.01@da_checkpoint_epoch_008,predict_mc.py,mc_merged,inference_v2/nu_classifier/preds/260707_0226_da_nu_classifier_exp_full_E5_horizon_lambda0.01@da_checkpoint_epoch_008/mc_merged_thr0p8.duckdb,0.8,5,0,0,0,True,
2026-07-08T17:19:09,260705_0702_da_nu_classifier_exp_full_E1_lambda0.01@da_checkpoint_epoch_010_ood2p5_rv0p7_finetuned@best_finetuned_model,predict_exp.py,exp_full,inference_v2/nu_classifier/preds/260705_0702_da_nu_classifier_exp_full_E1_lambda0.01@da_checkpoint_epoch_010_ood2p5_rv0p7_finetuned@best_finetuned_model/exp_full_thr0p8.duckdb,0.8,5,0,1740000,0,True,
2026-07-08T17:48:05,260705_0702_da_nu_classifier_exp_full_E1_lambda0.01@da_checkpoint_epoch_010_ood2p5_rv0p7_finetuned@best_finetuned_model,predict_exp.py,exp_full,inference_v2/nu_classifier/preds/260705_0702_da_nu_classifier_exp_full_E1_lambda0.01@da_checkpoint_epoch_010_ood2p5_rv0p7_finetuned@best_finetuned_model/exp_full_thr0p8.duckdb,0.8,5,0,1626808,0,True,
2026-07-08T17:19:09,260705_0702_da_nu_classifier_exp_full_E1_lambda0.01@da_checkpoint_epoch_010_ood2p5_rv0p7_finetuned@best_finetuned_model,predict_mc.py,mc_merged,inference_v2/nu_classifier/preds/260705_0702_da_nu_classifier_exp_full_E1_lambda0.01@da_checkpoint_epoch_010_ood2p5_rv0p7_finetuned@best_finetuned_model/mc_merged_thr0p8.duckdb,0.8,5,0,75861235,0,True,
2026-07-09T05:13:52,260705_0702_da_nu_classifier_exp_full_E1_lambda0.01@da_checkpoint_epoch_010,predict_exp.py,exp_full,inference_v2/nu_classifier/preds/260705_0702_da_nu_classifier_exp_full_E1_lambda0.01@da_checkpoint_epoch_010/exp_full_thr0p8.duckdb,0.8,8,3,3279770,0,True,
2026-07-09T05:13:52,260705_0702_da_nu_classifier_exp_full_E1_lambda0.01@da_checkpoint_epoch_010_ood2p5_rv0p7_finetuned@best_finetuned_model,predict_exp.py,exp_full,inference_v2/nu_classifier/preds/260705_0702_da_nu_classifier_exp_full_E1_lambda0.01@da_checkpoint_epoch_010_ood2p5_rv0p7_finetuned@best_finetuned_model/exp_full_thr0p8.duckdb,0.8,8,3,3279770,0,True,
2026-07-09T05:36:32,260705_0702_da_nu_classifier_exp_full_E1_lambda0.01@da_checkpoint_epoch_010,predict_mc.py,mc_merged,inference_v2/nu_classifier/preds/260705_0702_da_nu_classifier_exp_full_E1_lambda0.01@da_checkpoint_epoch_010/mc_merged_thr0p8.duckdb,0.8,8,3,21979724,0,True,
2026-07-10T18:16:54,260705_0702_da_nu_classifier_exp_full_E1_lambda0.01@da_checkpoint_epoch_010_ood2p5_rv0p7_finetuned@best_finetuned_model,predict_mc.py,mc_merged,inference_v2/nu_classifier/preds/260705_0702_da_nu_classifier_exp_full_E1_lambda0.01@da_checkpoint_epoch_010_ood2p5_rv0p7_finetuned@best_finetuned_model/mc_merged_thr0p8.duckdb,0.8,8,3,577783,0,True,
2026-07-10T19:35:50,260705_0702_da_nu_classifier_exp_full_E1_lambda0.01@da_checkpoint_epoch_010,predict_mc.py,mc_merged,inference_v2/nu_classifier/preds/260705_0702_da_nu_classifier_exp_full_E1_lambda0.01@da_checkpoint_epoch_010/mc_merged_thr0p8.duckdb,0.8,8,3,570017,0,True,
2026-08-10T04:50:39,sngp_nu_classifier_baseline@best_sngp_model,predict_sngp.py,mc_merged,inference_v2/nu_classifier/preds/sngp_nu_classifier_baseline@best_sngp_model/mc_merged_thr0p8.duckdb,0.8,8,2,271335,0,True,
2026-08-10T04:51:52,sngp_nu_classifier_baseline@best_sngp_model,predict_sngp.py,mc_merged,inference_v2/nu_classifier/preds/sngp_nu_classifier_baseline@best_sngp_model/mc_merged_thr0p8.duckdb,0.8,8,2,13489,0,True,
2026-08-10T04:52:07,sngp_nu_classifier_baseline@best_sngp_model,predict_sngp.py,mc_merged,inference_v2/nu_classifier/preds/sngp_nu_classifier_baseline@best_sngp_model/mc_merged_thr0p8.duckdb,0.8,8,2,150284,0,True,
2026-08-10T04:54:17,sngp_nu_classifier_baseline@best_sngp_model,predict_sngp.py,mc_merged,inference_v2/nu_classifier/preds/sngp_nu_classifier_baseline@best_sngp_model/mc_merged_thr0p8.duckdb,0.8,8,2,81732,13489,True,
2026-08-10T04:56:05,sngp_nu_classifier_baseline@best_sngp_model,predict_sngp.py,exp_full,inference_v2/nu_classifier/preds/sngp_nu_classifier_baseline@best_sngp_model/exp_full_thr0p8.duckdb,0.8,8,2,114832,0,True,
2026-08-17T15:37:15,260816_2250_da_nu_classifier_exp_full_E1_lambda0.01_FIXED_sn256@best_da_model,predict_mc.py,mc_merged,inference_v2/nu_classifier/preds/260816_2250_da_nu_classifier_exp_full_E1_lambda0.01_FIXED_sn256@best_da_model/mc_merged_thr0p8.duckdb,0.8,5,0,94363339,0,True,
2026-08-17T20:44:03,260816_2250_da_nu_classifier_exp_full_E1_lambda0.01_FIXED_sn256@best_da_model,predict_exp.py,exp_full,inference_v2/nu_classifier/preds/260816_2250_da_nu_classifier_exp_full_E1_lambda0.01_FIXED_sn256@best_da_model/exp_full_thr0p8.duckdb,0.8,5,0,8231582,0,True,
2026-08-27T21:14:16,260816_2250_da_nu_classifier_exp_full_E1_lambda0.01_FIXED_sn256@best_da_model,predict_mc.py,mc_reco,inference_v2/nu_classifier/preds/260816_2250_da_nu_classifier_exp_full_E1_lambda0.01_FIXED_sn256@best_da_model/mc_reco_thr0p8.duckdb,0.8,8,2,28526,0,True,
2026-08-27T21:34:47,260816_2250_da_nu_classifier_exp_full_E1_lambda0.01_FIXED_sn256@best_da_model,predict_mc.py,mc_reco,inference_v2/nu_classifier/preds/260816_2250_da_nu_classifier_exp_full_E1_lambda0.01_FIXED_sn256@best_da_model/mc_reco_thr0p8.duckdb,0.8,5,0,0,0,False,"[Errno 11] Unable to synchronously open file (unable to lock file, errno = 11, error message = 'Resource temporarily unavailable')"
2026-08-27T21:44:00,260816_2250_da_nu_classifier_exp_full_E1_lambda0.01_FIXED_sn256@best_da_model,predict_mc.py,mc_reco,inference_v2/nu_classifier/preds/260816_2250_da_nu_classifier_exp_full_E1_lambda0.01_FIXED_sn256@best_da_model/mc_reco_thr0p8.duckdb,0.8,5,0,2227428,0,True,
2026-08-27T21:46:29,260816_2250_da_nu_classifier_exp_full_E1_lambda0.01_FIXED_sn256@best_da_model,predict_exp.py,exp_reco,inference_v2/nu_classifier/preds/260816_2250_da_nu_classifier_exp_full_E1_lambda0.01_FIXED_sn256@best_da_model/exp_reco_thr0p8.duckdb,0.8,5,0,12206340,0,True,
2026-08-27T22:03:02,260816_2250_da_nu_classifier_exp_full_E1_lambda0.01_FIXED_sn256@best_da_model,predict_mc.py,mc_reco,inference_v2/nu_classifier/preds/260816_2250_da_nu_classifier_exp_full_E1_lambda0.01_FIXED_sn256@best_da_model/mc_reco_thr0p8.duckdb,0.8,5,0,2880257,0,True,
