epoch,learning_rate,epoch_time,accuracy,precision,recall,f1,auc,sensitivity,specificity,precision_neutrino,precision_muon,true_positives,true_negatives,false_positives,false_negatives,total_neutrinos,total_muons,loss,positive_class_ratio,class_balance,val_accuracy,val_precision,val_recall,val_f1,val_auc,val_sensitivity,val_specificity,val_precision_neutrino,val_precision_muon,val_true_positives,val_true_negatives,val_false_positives,val_false_negatives,val_total_neutrinos,val_total_muons,val_loss,val_positive_class_ratio,val_class_balance
0,9.997779521645793e-05,8.652750492095947,0.5026666666666667,0.5031980319803198,0.3897675304878049,0.4392784280038656,0.5072494001450376,0.3897675304878049,0.6154798172124905,0.5031980319803198,0.5023310023310024,8182,12930,8078,12810,20992,21008,0.7015869064896303,0.4998095238095238,0.9992383853769993,0.5214444444444445,0.5692188708430008,0.16406598305840392,0.25471534867624157,0.5210844509902417,0.16406598305840392,0.8766061143110323,0.5692188708430008,0.5134293499416115,736,3957,557,3750,4486,4514,0.6884670375098645,0.49844444444444447,0.993797075764289
1,9.991120277927223e-05,8.700958251953125,0.5118571428571429,0.5141651248843663,0.4236375762195122,0.46453196824070203,0.5178796341140512,0.4236375762195122,0.6000095201827875,0.5141651248843663,0.510241256476684,8893,12605,8403,12099,20992,21008,0.6951313779709187,0.4998095238095238,0.9992383853769993,0.5287777777777778,0.6288117770767613,0.13330361123495318,0.21997425050579364,0.5483398999812541,0.13330361123495318,0.9217988480283562,0.6288117770767613,0.5169586284010436,598,4161,353,3888,4486,4514,0.6858825977419464,0.49844444444444447,0.993797075764289
2,9.980028840713861e-05,8.256225824356079,0.5180238095238096,0.5218711674356129,0.4256859756097561,0.4688967598058507,0.5261417849729575,0.4256859756097561,0.6102913175932978,0.5218711674356129,0.5153756481890903,8936,12821,8187,12056,20992,21008,0.691589252021175,0.4998095238095238,0.9992383853769993,0.5453333333333333,0.6261203585147247,0.21801159161836825,0.32341269841269843,0.5626763103484853,0.21801159161836825,0.8706247230837395,0.6261203585147247,0.528367840817424,978,3930,584,3508,4486,4514,0.6841623170275084,0.49844444444444447,0.993797075764289
3,9.964516155915153e-05,8.690930604934692,0.5286428571428572,0.535424201102745,0.4302115091463415,0.4770860297419372,0.5421019369490339,0.4302115091463415,0.626999238385377,0.535424201102745,0.5240918314566506,9031,13172,7836,11961,20992,21008,0.6874792121101657,0.4998095238095238,0.9992383853769993,0.5721111111111111,0.6516961299569995,0.30405706642888986,0.4146526827785378,0.5977345756037935,0.30405706642888986,0.8385024368630926,0.6516961299569995,0.547994787896337,1364,3785,729,3122,4486,4514,0.6779407296382206,0.49844444444444447,0.993797075764289
4,9.944597532678122e-05,7.6606268882751465,0.551952380952381,0.5644950753530319,0.4532202743902439,0.5027744015219574,0.573359222664377,0.4532202743902439,0.6506092916984006,0.5644950753530319,0.5435456931519924,9514,13668,7340,11478,20992,21008,0.6806620721759042,0.4998095238095238,0.9992383853769993,0.5804444444444444,0.5774095071958133,0.5902808738296924,0.5837742504409171,0.61574783637412,0.5902808738296924,0.5706690296854231,0.5774095071958133,0.583597643860444,2648,2576,1938,1838,4486,4514,0.6696730994842421,0.49844444444444447,0.993797075764289
5,9.920292628279102e-05,15.016544580459595,0.5724047619047619,0.5930196896276759,0.4605564024390244,0.518460919694329,0.5981242863491028,0.4605564024390244,0.6841679360243716,0.5930196896276759,0.5593259913608593,9668,14373,6635,11324,20992,21008,0.6732800965251169,0.4998095238095238,0.9992383853769993,0.593,0.6423382912487029,0.4139545251894784,0.5034566897112648,0.6305068434242622,0.4139545251894784,0.770934869295525,0.6423382912487029,0.5696513340972336,1857,3480,1034,2629,4486,4514,0.6628996293309709,0.49844444444444447,0.993797075764289
6,9.891625428724366e-05,8.717483043670654,0.5779047619047619,0.6011277729582353,0.4621284298780488,0.522542418529491,0.6076574668709249,0.4621284298780488,0.693592916984006,0.6011277729582353,0.5634135024360065,9701,14571,6437,11291,20992,21008,0.6700030478300657,0.4998095238095238,0.9992383853769993,0.6006666666666667,0.6343373493975903,0.46946054391440034,0.5395849346656418,0.6356394856957628,0.46946054391440034,0.7310589277802393,0.6343373493975903,0.5809859154929577,2106,3300,1214,2380,4486,4514,0.6611144651829357,0.49844444444444447,0.993797075764289
7,9.858624225078842e-05,8.373247861862183,0.5868571428571429,0.6154236428209031,0.46227134146341464,0.5279651795429815,0.6178796701684781,0.46227134146341464,0.7113480578827114,0.6154236428209031,0.569685879841415,9704,14944,6064,11288,20992,21008,0.6667034555351118,0.4998095238095238,0.9992383853769993,0.6037777777777777,0.6418002466091245,0.46411056620597413,0.5386804657179819,0.6422279198356685,0.46411056620597413,0.7425786442179885,0.6418002466091245,0.5823488533703961,2082,3352,1162,2404,4486,4514,0.6586923171097124,0.49844444444444447,0.993797075764289
8,9.821321585546247e-05,8.135149955749512,0.5876190476190476,0.6168682367918523,0.4616520579268293,0.5280911122009699,0.619899739622638,0.4616520579268293,0.713490099009901,0.6168682367918523,0.5701407379231647,9691,14989,6019,11301,20992,21008,0.6656110034887551,0.4998095238095238,0.9992383853769993,0.6071111111111112,0.6443768996960486,0.4725813642443156,0.5452674897119342,0.6449472301065236,0.4725813642443156,0.7408063801506425,0.6443768996960486,0.5856392294220666,2120,3344,1170,2366,4486,4514,0.6566257476806641,0.49844444444444447,0.993797075764289
9,9.779754323328194e-05,8.386989831924438,0.5936190476190476,0.6257047667862634,0.4652248475609756,0.5336612021857924,0.6281896115740027,0.4652248475609756,0.7219154607768469,0.6257047667862634,0.57464383146408,9766,15166,5842,11226,20992,21008,0.6624799339966934,0.4998095238095238,0.9992383853769993,0.6082222222222222,0.6316511245200219,0.5133749442710656,0.5664043285784555,0.650538543484174,0.5133749442710656,0.7024811696942844,0.6316511245200219,0.5922674635786328,2303,3171,1343,2183,4486,4514,0.6538763910951749,0.49844444444444447,0.993797075764289
10,9.733963460294018e-05,8.730820417404175,0.5983333333333334,0.6280124223602485,0.4816596798780488,0.5451849455408174,0.631379386413335,0.4816596798780488,0.7149181264280274,0.6280124223602485,0.5798841698841699,10111,15019,5989,10881,20992,21008,0.6608283842225929,0.4998095238095238,0.9992383853769993,0.6112222222222222,0.650319829424307,0.475925100312082,0.5496202857510619,0.6542271470874483,0.475925100312082,0.745680106335844,0.650319829424307,0.5887703340913066,2135,3366,1148,2351,4486,4514,0.651913410341236,0.49844444444444447,0.993797075764289
11,9.683994186497135e-05,7.946434020996094,0.5995238095238096,0.630391298912364,0.48042111280487804,0.5452825087861585,0.635681155745111,0.48042111280487804,0.718535795887281,0.630391298912364,0.5805322667487116,10085,15095,5913,10907,20992,21008,0.6589520727609791,0.4998095238095238,0.9992383853769993,0.612,0.6438911407064273,0.49576460098082925,0.5602015113350126,0.6568075918166912,0.49576460098082925,0.7275143996455472,0.6438911407064273,0.5921384781824739,2224,3284,1230,2262,4486,4514,0.6494298333853064,0.49844444444444447,0.993797075764289
12,9.629895815577918e-05,10.446378707885742,0.6002857142857143,0.6278277791291657,0.4918064024390244,0.5515546532749225,0.6369786593347714,0.4918064024390244,0.7086824067022087,0.6278277791291657,0.5825637814994522,10324,14888,6120,10668,20992,21008,0.6577323830961094,0.4998095238095238,0.9992383853769993,0.6103333333333333,0.6486486486486487,0.4761480160499331,0.5491708445815657,0.660696715879324,0.4761480160499331,0.7436863092600797,0.6486486486486487,0.5882249868582443,2136,3357,1157,2350,4486,4514,0.6476176993947633,0.49844444444444447,0.993797075764289
13,9.571721736097092e-05,8.255656242370605,0.5995238095238096,0.6286383818450912,0.4856135670731707,0.5479466781337347,0.6402926632170758,0.4856135670731707,0.7133472962680883,0.6286383818450912,0.5812131554452373,10194,14986,6022,10798,20992,21008,0.6558918128622339,0.4998095238095238,0.9992383853769993,0.6131111111111112,0.6342245989304813,0.5287561301827909,0.5767079990274738,0.6614755876155641,0.5287561301827909,0.696942844483828,0.6342245989304813,0.5980988593155894,2372,3146,1368,2114,4486,4514,0.6449883899218599,0.49844444444444447,0.993797075764289
14,9.509529358847659e-05,8.898529529571533,0.6067619047619047,0.6427660117376882,0.4799923780487805,0.5495800152721719,0.6445180629232563,0.4799923780487805,0.7334348819497334,0.6427660117376882,0.5853213797295244,10076,15408,5600,10916,20992,21008,0.6538461399658111,0.4998095238095238,0.9992383853769993,0.6147777777777778,0.6775880097594981,0.4333481943825234,0.5286199864038069,0.6678978719991562,0.4333481943825234,0.7950819672131147,0.6775880097594981,0.5853857445767412,1944,3589,925,2542,4486,4514,0.6438486382994854,0.49844444444444447,0.993797075764289
15,9.44338006019739e-05,7.296067953109741,0.6089285714285714,0.6410003087372645,0.4945217225609756,0.5583133890875843,0.65089302076452,0.4945217225609756,0.7232482863670983,0.6410003087372645,0.588800620034877,10381,15194,5814,10611,20992,21008,0.6516315576515661,0.4998095238095238,0.9992383853769993,0.6192222222222222,0.6531674862597628,0.5033437360677664,0.5685509253430694,0.6717387733728188,0.5033437360677664,0.734381922906513,0.6531674862597628,0.5980515966083348,2258,3315,1199,2228,4486,4514,0.6397775420000855,0.49844444444444447,0.993797075764289
16,9.373339121517751e-05,8.83463716506958,0.6117142857142858,0.6429617873275546,0.5017625762195121,0.5636538770268101,0.653238060787383,0.5017625762195121,0.721582254379284,0.6429617873275546,0.5917323756733547,10533,15159,5849,10459,20992,21008,0.6494782581517762,0.4998095238095238,0.9992383853769993,0.6188888888888889,0.6229622729389847,0.5962995987516718,0.6093394077448747,0.674524355890062,0.5962995987516718,0.6413380593708462,0.6229622729389847,0.6151721206969826,2675,2895,1619,1811,4486,4514,0.6393229558434285,0.49844444444444447,0.993797075764289
17,9.299475664759073e-05,11.53703784942627,0.6153095238095239,0.6487417707500154,0.5022865853658537,0.5661968049402605,0.6574048085576139,0.5022865853658537,0.7282463823305407,0.6487417707500154,0.5942051501145764,10544,15299,5709,10448,20992,21008,0.6468084450913055,0.4998095238095238,0.9992383853769993,0.6258888888888889,0.6563285834031852,0.5236290682122158,0.5825170489770614,0.6798987535879361,0.5236290682122158,0.7275143996455472,0.6563285834031852,0.6057922892455266,2349,3284,1230,2137,4486,4514,0.634838727998062,0.49844444444444447,0.993797075764289
18,9.221862584235533e-05,11.520703077316284,0.6139523809523809,0.6455287524366472,0.504811356707317,0.5665633019674936,0.6588888677299037,0.504811356707317,0.7230102817974106,0.6455287524366472,0.5936913696060038,10597,15189,5819,10395,20992,21008,0.6460999194249556,0.4998095238095238,0.9992383853769993,0.6318888888888889,0.6572807723250201,0.5463664734730272,0.5967133292757152,0.6848430236658094,0.5463664734730272,0.716880815241471,0.6572807723250201,0.6139252513754506,2451,3236,1278,2035,4486,4514,0.6317515448785164,0.49844444444444447,0.993797075764289
19,9.140576474687269e-05,11.773490905761719,0.6182857142857143,0.6488059522380896,0.5151009908536586,0.5742737266981783,0.6639607618899972,0.5151009908536586,0.7213918507235338,0.6488059522380896,0.5982079418962659,10813,15155,5853,10179,20992,21008,0.6422182573373557,0.4998095238095238,0.9992383853769993,0.6293333333333333,0.6805904522613065,0.483058403923317,0.5650586701434159,0.6873748012573355,0.483058403923317,0.7747009304386353,0.6805904522613065,0.6012723521320495,2167,3497,1017,2319,4486,4514,0.6290653969200564,0.49844444444444447,0.993797075764289
20,9.055697555690611e-05,11.24572491645813,0.6201428571428571,0.6524080348499516,0.513671875,0.5747867803837953,0.6664230173493721,0.513671875,0.726532749428789,0.6524080348499516,0.5992069723618091,10783,15263,5745,10209,20992,21008,0.6421108782110243,0.4998095238095238,0.9992383853769993,0.638,0.662778366914104,0.5572893446277307,0.6054734802615646,0.695942884187916,0.5572893446277307,0.7182100132919805,0.662778366914104,0.6201224177505739,2500,3242,1272,1986,4486,4514,0.6217844536606695,0.49844444444444447,0.993797075764289
21,8.967309592491056e-05,11.486565113067627,0.6236428571428572,0.6533751405076021,0.5261051829268293,0.5828737300435414,0.6745129550313586,0.5261051829268293,0.7211062452399086,0.6533751405076021,0.6036179623062518,11044,15149,5859,9948,20992,21008,0.6366573920003549,0.4998095238095238,0.9992383853769993,0.6412222222222222,0.644715634354133,0.6241640659830584,0.6342734171480349,0.7031615713416288,0.6241640659830584,0.6581745680106336,0.644715634354133,0.6379643547348078,2800,2971,1543,1686,4486,4514,0.6196978738610174,0.49844444444444447,0.993797075764289
22,8.875499813337073e-05,11.561281442642212,0.6280238095238095,0.6570342205323194,0.5350609756097561,0.589807545881797,0.6796345147315396,0.5350609756097561,0.7209158415841584,0.6570342205323194,0.6081108211202569,11232,15145,5863,9760,20992,21008,0.6336731812874234,0.4998095238095238,0.9992383853769993,0.6355555555555555,0.7000663570006636,0.4703522068658047,0.5626666666666666,0.7010638226424315,0.4703522068658047,0.7997341603898981,0.7000663570006636,0.6030738389575676,2110,3610,904,2376,4486,4514,0.6193111706787432,0.49844444444444447,0.993797075764289
23,8.780358823396356e-05,11.776954650878906,0.632095238095238,0.6645870469399882,0.5328220274390244,0.5914547088995823,0.6855778330543794,0.5328220274390244,0.7312928408225438,0.6645870469399882,0.6103694874851013,11185,15363,5645,9807,20992,21008,0.6302402693449908,0.4998095238095238,0.9992383853769993,0.6445555555555555,0.68040370058873,0.541016495764601,0.6027567366198932,0.7102274422014159,0.541016495764601,0.7474523704031901,0.68040370058873,0.6210196944597828,2427,3374,1140,2059,4486,4514,0.6132713455549428,0.49844444444444447,0.993797075764289
24,8.681980515339468e-05,10.463618755340576,0.6358571428571429,0.6667837489755298,0.5425876524390244,0.598308557020539,0.6896854424940324,0.5425876524390244,0.7290555978674791,0.6667837489755298,0.6146560719158841,11390,15316,5692,9602,20992,21008,0.626971437847723,0.4998095238095238,0.9992383853769993,0.6524444444444445,0.6878804648588821,0.5541685242978154,0.6138271604938271,0.7141810360238549,0.5541685242978154,0.7501107665042092,0.6878804648588821,0.6286669142220572,2486,3386,1128,2000,4486,4514,0.6090777507970031,0.49844444444444447,0.993797075764289
25,8.580461976679104e-05,10.287390947341919,0.6383571428571428,0.6714733171798357,0.5412538109756098,0.5993722469865218,0.6941390712582779,0.5412538109756098,0.7353865194211728,0.6714733171798357,0.6160133976633837,11362,15449,5559,9630,20992,21008,0.6236708256611345,0.4998095238095238,0.9992383853769993,0.6554444444444445,0.6803855170617348,0.582255907267053,0.6275075075075075,0.7206243082649098,0.582255907267053,0.7281789986708019,0.6803855170617348,0.6368920751792289,2612,3287,1227,1874,4486,4514,0.6031327289594731,0.49844444444444447,0.993797075764289
26,8.475903393956438e-05,8.586988925933838,0.6399047619047619,0.6729341035011199,0.543873856707317,0.601559618525739,0.6945803230229947,0.543873856707317,0.7358625285605483,0.6729341035011199,0.6175201725653112,11417,15459,5549,9575,20992,21008,0.6225702119453338,0.4998095238095238,0.9992383853769993,0.656,0.6927343316694399,0.5568435131520285,0.6173999011369253,0.7212472525660001,0.5568435131520285,0.7545414266725742,0.6927343316694399,0.6314423433444568,2498,3406,1108,1988,4486,4514,0.6012767939500405,0.49844444444444447,0.993797075764289
27,8.368407953869108e-05,10.954270124435425,0.6422142857142857,0.6766779219240566,0.5441596798780488,0.6032265730203575,0.6995547942664555,0.5441596798780488,0.7401942117288652,0.6766779219240566,0.619053306262192,11423,15550,5458,9569,20992,21008,0.6198612004065586,0.4998095238095238,0.9992383853769993,0.6598888888888889,0.6632302405498282,0.6453410610789122,0.6541633713704667,0.7265542668956203,0.6453410610789122,0.6743464776251662,0.6632302405498282,0.6567421790722762,2895,3044,1470,1591,4486,4514,0.5977212727909357,0.49844444444444447,0.993797075764289
28,8.2580817414384e-05,11.770293951034546,0.6424047619047619,0.6766846121990179,0.5448742378048781,0.6036680300831244,0.7009617899354978,0.5448742378048781,0.7398610053313024,0.6766846121990179,0.6193170498465952,11438,15543,5465,9554,20992,21008,0.6184207019834895,0.4998095238095238,0.9992383853769993,0.6624444444444444,0.7265331664580726,0.5176103432902363,0.6045300702941943,0.7304335883942382,0.5176103432902363,0.8063801506424457,0.7265331664580726,0.6271536871123363,2322,3640,874,2164,4486,4514,0.5946045971252549,0.49844444444444447,0.993797075764289
29,8.145033635316135e-05,11.78709888458252,0.6436190476190476,0.6774060548945694,0.547875381097561,0.6057940479325784,0.7045473788912295,0.547875381097561,0.7392897943640518,0.6774060548945694,0.6206937894652705,11501,15531,5477,9491,20992,21008,0.6154214594864194,0.4998095238095238,0.9992383853769993,0.6617777777777778,0.6976425438596491,0.5673205528310299,0.6257683796410131,0.7306082073683281,0.5673205528310299,0.7556490917146654,0.6976425438596491,0.6373318385650224,2545,3411,1103,1941,4486,4514,0.5929786923905493,0.49844444444444447,0.993797075764289
30,8.029375200334593e-05,11.925985097885132,0.6448571428571429,0.6794023857328452,0.5480659298780488,0.6067077993988294,0.7055275672420959,0.5480659298780488,0.741574638233054,0.6794023857328452,0.621519189340142,11505,15579,5429,9487,20992,21008,0.6136283818349287,0.4998095238095238,0.9992383853769993,0.6664444444444444,0.7270501835985312,0.5296477931341953,0.6128449832344597,0.7344669113834386,0.5296477931341953,0.8023925564909171,0.7270501835985312,0.6318911374738311,2376,3622,892,2110,4486,4514,0.5905037597871162,0.49844444444444447,0.993797075764289
31,7.91122057740549e-05,11.573083877563477,0.6501904761904762,0.6872325249643366,0.55078125,0.6114872011846837,0.7099231699208228,0.55078125,0.7495239908606245,0.6872325249643366,0.6254369240546552,11562,15746,5262,9430,20992,21008,0.613023393965782,0.4998095238095238,0.9992383853769993,0.6696666666666666,0.7037436035550767,0.5824788230049042,0.6373948042444201,0.7397927407099841,0.5824788230049042,0.7563136907399203,0.7037436035550767,0.6457348212596936,2613,3414,1100,1873,4486,4514,0.5871913810850868,0.49844444444444447,0.993797075764289
32,7.790686370876676e-05,11.587841749191284,0.6478571428571429,0.6832525706181303,0.55078125,0.609906630796012,0.7122061283020231,0.55078125,0.7448591012947449,0.6832525706181303,0.6239732036047532,11562,15648,5360,9430,20992,21008,0.609204656809659,0.4998095238095238,0.9992383853769993,0.6665555555555556,0.6885953771907544,0.6043245653143112,0.6437136412204678,0.7391687840534161,0.6043245653143112,0.7284005316792203,0.6885953771907544,0.649417341497136,2711,3288,1226,1775,4486,4514,0.5856684941641042,0.49844444444444447,0.993797075764289
33,7.667891533457723e-05,10.896328926086426,0.6488571428571429,0.6814694257149501,0.5584984756097561,0.6138862708136977,0.7153878657252231,0.5584984756097561,0.7391469916222392,0.6814694257149501,0.6262300371027585,11724,15528,5480,9268,20992,21008,0.6069197323184607,0.4998095238095238,0.9992383853769993,0.6772222222222222,0.717948717948718,0.5804725813642443,0.6419327006039689,0.7460095416232178,0.5804725813642443,0.7733717323881258,0.717948717948718,0.6497301321421924,2604,3491,1023,1882,4486,4514,0.5804959552388795,0.49844444444444447,0.993797075764289
34,7.542957248827965e-05,10.404893159866333,0.6540238095238096,0.6854797037377275,0.5687404725609756,0.621677211070322,0.7198366985704052,0.5687404725609756,0.7392421934501142,0.6854797037377275,0.6317373794898914,11939,15530,5478,9053,20992,21008,0.6048786337614784,0.4998095238095238,0.9992383853769993,0.676,0.6859308384651823,0.6455639768167633,0.6651355075792375,0.7476000755365336,0.6455639768167633,0.7062472308373948,0.6859308384651823,0.6672247802427794,2896,3188,1326,1590,4486,4514,0.5804098760577995,0.49844444444444447,0.993797075764289
35,7.416006812042832e-05,11.81792688369751,0.654,0.6849307225466621,0.5698837652439024,0.6221332362577358,0.7172468773328802,0.5698837652439024,0.7380521706016756,0.6849307225466621,0.6319801092361621,11963,15505,5503,9029,20992,21008,0.604510516834114,0.4998095238095238,0.9992383853769993,0.6795555555555556,0.7184942716857611,0.5871600534997771,0.6462217860647694,0.750080939055015,0.5871600534997771,0.7713779353123615,0.7184942716857611,0.6527934008248969,2634,3482,1032,1852,4486,4514,0.5764651441238295,0.49844444444444447,0.993797075764289
36,7.287165507856518e-05,12.427623748779297,0.6568095238095238,0.6921144859813084,0.564453125,0.6217989084802686,0.7212928337023613,0.564453125,0.7490955826351866,0.6921144859813084,0.632516077170418,11849,15737,5271,9143,20992,21008,0.6013764976368124,0.4998095238095238,0.9992383853769993,0.6771111111111111,0.7190793122573489,0.5780205082478823,0.6408798813643104,0.7488063588171027,0.5780205082478823,0.7755870624723084,0.7190793122573489,0.6490545050055617,2593,3501,1013,1893,4486,4514,0.5790383043423505,0.49844444444444447,0.993797075764289
37,7.156560487081057e-05,11.834635972976685,0.6582619047619047,0.6945437496337104,0.5645483993902439,0.622835369859414,0.7223720300041041,0.5645483993902439,0.7519040365575019,0.6945437496337104,0.6334362593736216,11851,15796,5212,9141,20992,21008,0.6020869373550531,0.4998095238095238,0.9992383853769993,0.6884444444444444,0.7183281412253375,0.6168078466339724,0.6637083233389302,0.7589461606640735,0.6168078466339724,0.759636685866194,0.7183281412253375,0.666083916083916,2767,3429,1085,1719,4486,4514,0.5680705972120795,0.49844444444444447,0.993797075764289
38,7.024320641103818e-05,11.22624158859253,0.6609761904761905,0.6965938864628821,0.5699314024390244,0.6269290224539523,0.7262456031286136,0.5699314024390244,0.7519516374714394,0.6965938864628821,0.6363343403826788,11964,15797,5211,9028,20992,21008,0.597846234279563,0.4998095238095238,0.9992383853769993,0.6855555555555556,0.713953488372093,0.615916183682568,0.6613212063188129,0.7576050365722058,0.615916183682568,0.7547629596809925,0.713953488372093,0.6641325536062378,2763,3407,1107,1723,4486,4514,0.5687772623250182,0.49844444444444447,0.993797075764289
39,6.89057647468727e-05,11.743580102920532,0.6611190476190476,0.6961746096244268,0.571312881097561,0.6275936052748633,0.7263864002012009,0.571312881097561,0.7508568164508759,0.6961746096244268,0.6367416138537925,11993,15774,5234,8999,20992,21008,0.5985274800413648,0.4998095238095238,0.9992383853769993,0.6884444444444444,0.7246260683760684,0.6047703967900133,0.6592952612393682,0.7606690909205837,0.6047703967900133,0.7715994683207797,0.7246260683760684,0.6626712328767124,2713,3483,1031,1773,4486,4514,0.5657279239573949,0.49844444444444447,0.993797075764289
40,6.755459977176539e-05,11.40648627281189,0.663,0.7024754234276915,0.5650724085365854,0.6263266275938539,0.7287994039527479,0.5650724085365854,0.7608530083777608,0.7024754234276915,0.6364577526479255,11862,15984,5024,9130,20992,21008,0.5955175697622328,0.4998095238095238,0.9992383853769993,0.6848888888888889,0.7310924369747899,0.5818100757913509,0.6479642502482622,0.7614378884852416,0.5818100757913509,0.7873283119184759,0.7310924369747899,0.65451197053407,2610,3554,960,1876,4486,4514,0.5647103559802955,0.49844444444444447,0.993797075764289
41,6.619104492241852e-05,11.339319229125977,0.6653809523809524,0.703819036427732,0.5706459603658537,0.6302746501104914,0.7311656662009131,0.5706459603658537,0.7600437928408226,0.703819036427732,0.639191353082466,11979,15967,5041,9013,20992,21008,0.5940731957690694,0.4998095238095238,0.9992383853769993,0.6893333333333334,0.720626631853786,0.6152474364690147,0.6637806637806638,0.7626852092000496,0.6152474364690147,0.7629596809924679,0.720626631853786,0.6661508704061896,2760,3444,1070,1726,4486,4514,0.5640875831456251,0.49844444444444447,0.993797075764289
42,6.481644586284449e-05,11.604593515396118,0.6651190476190476,0.7028166539790361,0.5717416158536586,0.630539283931808,0.730744360017322,0.5717416158536586,0.758425361766946,0.7028166539790361,0.6392890101512659,12002,15933,5075,8990,20992,21008,0.5936161855796188,0.4998095238095238,0.9992383853769993,0.6846666666666666,0.7313307130825379,0.5806954971020954,0.6473658051689861,0.764316039799694,0.5806954971020954,0.7879929109437306,0.7313307130825379,0.6541007723427731,2605,3557,957,1881,4486,4514,0.5610817188108471,0.49844444444444447,0.993797075764289
43,6.343215915635769e-05,10.156486511230469,0.6643571428571429,0.7045387125482053,0.5656916920731707,0.6275266203397891,0.7314991764533952,0.5656916920731707,0.7629474485910129,0.7045387125482053,0.637422946907934,11875,16028,4980,9117,20992,21008,0.5921038487037265,0.4998095238095238,0.9992383853769993,0.688,0.726145552560647,0.6005349977708426,0.657393850658858,0.7660568961556369,0.6005349977708426,0.7749224634470536,0.726145552560647,0.6612476370510397,2694,3498,1016,1792,4486,4514,0.5600084855522908,0.49844444444444447,0.993797075764289
44,6.203955092681047e-05,10.296198606491089,0.6671904761904762,0.7062455892731122,0.5720750762195121,0.6321191704389936,0.7353828300782339,0.5720750762195121,0.7622334348819497,0.7062455892731122,0.640622499599936,12009,16013,4995,8983,20992,21008,0.5909022955184288,0.4998095238095238,0.9992383853769993,0.6891111111111111,0.7277388019427955,0.6012037449843959,0.658447265625,0.7691755436250148,0.6012037449843959,0.7764731945059814,0.7277388019427955,0.6620702682281828,2697,3505,1009,1789,4486,4514,0.5559755127194902,0.49844444444444447,0.993797075764289
45,6.063999551039378e-05,11.463696956634521,0.6692142857142858,0.7107653939789799,0.5702172256097561,0.6327809055586393,0.7372468167433022,0.5702172256097561,0.7681359482102056,0.7107653939789799,0.641400691601415,11970,16137,4871,9022,20992,21008,0.5893135704892747,0.4998095238095238,0.9992383853769993,0.6944444444444444,0.7359978249048396,0.6034329023629068,0.6631553160215581,0.7714577632455109,0.6034329023629068,0.784891448825875,0.7359978249048396,0.6657271702367531,2707,3543,971,1779,4486,4514,0.5542325461414498,0.49844444444444447,0.993797075764289
46,5.923487409933322e-05,11.162062644958496,0.6660714285714285,0.7057225535935747,0.569264481707317,0.6301911667765326,0.7346842041265058,0.569264481707317,0.7628046458492003,0.7057225535935747,0.6392867116128775,11950,16025,4983,9042,20992,21008,0.5900372862815857,0.4998095238095238,0.9992383853769993,0.6957777777777778,0.7341907824222936,0.6107891217119928,0.666828912144074,0.7724171799391244,0.6107891217119928,0.7802392556490917,0.7341907824222936,0.6685649202733486,2740,3522,992,1746,4486,4514,0.5543014373577816,0.49844444444444447,0.993797075764289
47,5.7825573378819186e-05,12.100801229476929,0.6706666666666666,0.7103902209685002,0.5758384146341463,0.6360766154493791,0.7390859190510177,0.5758384146341463,0.7654226961157654,0.7103902209685002,0.643611911623439,12088,16080,4928,8904,20992,21008,0.5863980900915198,0.4998095238095238,0.9992383853769993,0.6865555555555556,0.7230109831234932,0.6016495764600981,0.6567708967027619,0.7674548849954301,0.6016495764600981,0.770934869295525,0.7230109831234932,0.6607176760964496,2699,3480,1034,1787,4486,4514,0.5583275598539433,0.49844444444444447,0.993797075764289
48,5.6413484158515854e-05,12.109848976135254,0.6708095238095239,0.7104675751879699,0.576171875,0.6363110269360269,0.7403863319381525,0.576171875,0.7653750952018279,0.7104675751879699,0.6437780269058296,12095,16079,4929,8897,20992,21008,0.586953544870336,0.4998095238095238,0.9992383853769993,0.6981111111111111,0.7345531689207107,0.6174765938475256,0.6709458641152961,0.7741286286030225,0.6174765938475256,0.7782454585733274,0.7345531689207107,0.6718301778542742,2770,3513,1001,1716,4486,4514,0.5510669921485472,0.49844444444444447,0.993797075764289
49,5.5000000000000076e-05,11.785237789154053,0.6726666666666666,0.7126335564165787,0.5782679115853658,0.6384578972282122,0.7418392561852888,0.5782679115853658,0.7669935262757045,0.7126335564165787,0.6453977409276617,12139,16113,4895,8853,20992,21008,0.5843453981593749,0.4998095238095238,0.9992383853769993,0.6977777777777778,0.7246819338422392,0.6348640213999108,0.6768060836501901,0.775951214145085,0.6348640213999108,0.7603012848914489,0.7246819338422392,0.676923076923077,2848,3432,1082,1638,4486,4514,0.5483098894777433,0.49844444444444447,0.993797075764289
50,5.35865158414843e-05,11.265206098556519,0.672404761904762,0.7136527441365865,0.5754573170731707,0.6371476041034837,0.7408121143128692,0.5754573170731707,0.7692783701447068,0.7136527441365865,0.6445578909584014,12080,16161,4847,8912,20992,21008,0.585073551508431,0.4998095238095238,0.9992383853769993,0.6955555555555556,0.7213488843813387,0.6341952741863576,0.67497034400949,0.7751324407880689,0.6341952741863576,0.7565352237483385,0.7213488843813387,0.6754351265822784,2845,3415,1099,1641,4486,4514,0.5501764219411662,0.49844444444444447,0.993797075764289
51,5.217442662118097e-05,11.320586442947388,0.6729285714285714,0.7147847711528214,0.5750762195121951,0.6373643779203294,0.7426114660479225,0.5750762195121951,0.7707063975628332,0.7147847711528214,0.6447771892795986,12072,16191,4817,8920,20992,21008,0.5849522964570297,0.4998095238095238,0.9992383853769993,0.6948888888888889,0.7480045610034207,0.5849308961212661,0.6564923692769578,0.7766359862051011,0.5849308961212661,0.8041648205582632,0.7480045610034207,0.6609613983976693,2624,3630,884,1862,4486,4514,0.548426049695888,0.49844444444444447,0.993797075764289
52,5.076512590066692e-05,10.532164573669434,0.6721428571428572,0.7125618083352955,0.5766482469512195,0.6374407582938388,0.7419336110742656,0.5766482469512195,0.767564737242955,0.7125618083352955,0.6446905485367024,12105,16125,4883,8887,20992,21008,0.583233083997454,0.4998095238095238,0.9992383853769993,0.7001111111111111,0.7322589030413309,0.627953633526527,0.6761070442817713,0.7789529222110001,0.627953633526527,0.7718210013291981,0.7322589030413309,0.676111003299049,2817,3484,1030,1669,4486,4514,0.5462036686883845,0.49844444444444447,0.993797075764289
53,4.9360004489606375e-05,11.770751714706421,0.6745,0.7168157318012202,0.5765053353658537,0.6390495049504951,0.743413586345736,0.5765053353658537,0.772420030464585,0.7168157318012202,0.6460564557869172,12102,16227,4781,8890,20992,21008,0.5817148935468726,0.4998095238095238,0.9992383853769993,0.6968888888888889,0.7264296754250387,0.6286223807400803,0.6739961759082218,0.7773953268881022,0.6286223807400803,0.7647319450598139,0.7264296754250387,0.6744822196170379,2820,3452,1062,1666,4486,4514,0.547904758386209,0.49844444444444447,0.993797075764289
54,4.796044907318967e-05,11.403301000595093,0.6731428571428572,0.7143278649828868,0.5766482469512195,0.6381464494701882,0.7436432870593433,0.5766482469512195,0.769563975628332,0.7143278649828868,0.64528618184721,12105,16167,4841,8887,20992,21008,0.5825197271844174,0.4998095238095238,0.9992383853769993,0.6991111111111111,0.71875,0.6511368702630406,0.6832748538011696,0.7776220451318936,0.6511368702630406,0.7467877713779353,0.71875,0.6829416531604539,2921,3371,1143,1565,4486,4514,0.5469644539792773,0.49844444444444447,0.993797075764289
55,4.6567840843642445e-05,10.9452805519104,0.6750238095238095,0.718009619381272,0.5760289634146342,0.6392303015885602,0.7444149118878783,0.5760289634146342,0.7739432597105864,0.718009619381272,0.6462498509479709,12092,16259,4749,8900,20992,21008,0.5805830087705224,0.4998095238095238,0.9992383853769993,0.702,0.7497231450719822,0.603655818100758,0.6688071128673747,0.7812972905811829,0.603655818100758,0.7997341603898981,0.7497231450719822,0.670007423904974,2708,3610,904,1778,4486,4514,0.5446759118160731,0.49844444444444447,0.993797075764289
56,4.518355413715565e-05,12.094687700271606,0.6789761904761905,0.7216221002302108,0.5823647103658537,0.6445575092927003,0.7465111525549065,0.5823647103658537,0.7755140898705255,0.7216221002302108,0.6501456562512471,12225,16292,4716,8767,20992,21008,0.5784479138698984,0.4998095238095238,0.9992383853769993,0.7015555555555556,0.7490315439955728,0.6034329023629068,0.668395061728395,0.7809284968881675,0.6034329023629068,0.7990695613646434,0.7490315439955728,0.6696992202005199,2707,3607,907,1779,4486,4514,0.5444453824573839,0.49844444444444447,0.993797075764289
57,4.380895507758158e-05,11.592925786972046,0.675404761904762,0.7208716009364308,0.5720750762195121,0.6379113436562109,0.7454493406094281,0.5720750762195121,0.7786557501904037,0.7208716009364308,0.6455151730397379,12009,16358,4650,8983,20992,21008,0.5788184729571763,0.4998095238095238,0.9992383853769993,0.7051111111111111,0.7573033707865169,0.6009808292465448,0.6701466567238379,0.7836410169698433,0.6009808292465448,0.8085954807266282,0.7573033707865169,0.6709558823529411,2696,3650,864,1790,4486,4514,0.540078815020306,0.49844444444444447,0.993797075764289
58,4.2445400228234734e-05,11.547979831695557,0.6796428571428571,0.7249447860084761,0.5785537347560976,0.643528944231024,0.7504680125395755,0.5785537347560976,0.7806549885757806,0.7249447860084761,0.6495821285697311,12145,16400,4608,8847,20992,21008,0.5761634631359831,0.4998095238095238,0.9992383853769993,0.7067777777777777,0.7557463306563279,0.6083370485956309,0.6740768185747807,0.7852943663059653,0.6083370485956309,0.8046078865750997,0.7557463306563279,0.6739654852477268,2729,3632,882,1757,4486,4514,0.5390760852417475,0.49844444444444447,0.993797075764289
59,4.109423525312742e-05,11.783512115478516,0.6757380952380952,0.7176852671981104,0.5789824695121951,0.6409154428243732,0.7467171208387658,0.5789824695121951,0.772420030464585,0.7176852671981104,0.6473967684021544,12154,16227,4781,8838,20992,21008,0.5796158807437108,0.4998095238095238,0.9992383853769993,0.7038888888888889,0.7606641855138849,0.5922871154703522,0.6659982453941596,0.7836879803873658,0.5922871154703522,0.8147984049623394,0.7606641855138849,0.6678772471400036,2657,3678,836,1829,4486,4514,0.5410137822930242,0.49844444444444447,0.993797075764289
60,3.975679358896193e-05,11.517294645309448,0.6758809523809524,0.7196000238081066,0.5759336890243902,0.6398010213531606,0.748755937461179,0.5759336890243902,0.7757520944402132,0.7196000238081066,0.646732013175126,12090,16297,4711,8902,20992,21008,0.5761814776887285,0.4998095238095238,0.9992383853769993,0.7066666666666667,0.7494594594594595,0.6181453410610789,0.677498167603225,0.786145337505489,0.6181453410610789,0.7946389011962782,0.7494594594594595,0.6767924528301886,2773,3587,927,1713,4486,4514,0.5374185312801684,0.49844444444444447,0.993797075764289
61,3.8434395129189545e-05,11.747592449188232,0.6806666666666666,0.7260527257545032,0.5798875762195121,0.6447905079718206,0.7519079934741759,0.5798875762195121,0.7813690022848438,0.7260527257545032,0.6505112150273441,12173,16415,4593,8819,20992,21008,0.5757920709424468,0.4998095238095238,0.9992383853769993,0.7062222222222222,0.7430079155672823,0.6277307177886758,0.680521991300145,0.7857883463958466,0.6277307177886758,0.7842268498006203,0.7430079155672823,0.6794625719769674,2816,3540,974,1670,4486,4514,0.5382391080050402,0.49844444444444447,0.993797075764289
62,3.712834492143491e-05,11.638320207595825,0.679047619047619,0.7233852741762816,0.5794112042682927,0.6434428397608846,0.7496063230721195,0.5794112042682927,0.7786081492764662,0.7233852741762816,0.6494481060906853,12163,16357,4651,8829,20992,21008,0.5758589933708446,0.4998095238095238,0.9992383853769993,0.706,0.7509547190398255,0.613687026304057,0.6754170755642787,0.7859509652537872,0.613687026304057,0.7977403633141338,0.7509547190398255,0.6751031121109862,2753,3601,913,1733,4486,4514,0.5395498351312019,0.49844444444444447,0.993797075764289
63,3.5839931879571766e-05,11.816719055175781,0.6778095238095239,0.7227663640707119,0.5765053353658537,0.6414034343862625,0.7497542414609331,0.5765053353658537,0.779036557501904,0.7227663640707119,0.6480044345898004,12102,16366,4642,8890,20992,21008,0.5761691175152103,0.4998095238095238,0.9992383853769993,0.7075555555555556,0.761864406779661,0.6012037449843959,0.6720657861948667,0.7885003726455821,0.6012037449843959,0.8132476739034116,0.761864406779661,0.6723443223443224,2697,3671,843,1789,4486,4514,0.5353881783888373,0.49844444444444447,0.993797075764289
64,3.457042751172043e-05,11.53723931312561,0.6785952380952381,0.7232850587043328,0.578125,0.6426094093352043,0.751068613533767,0.578125,0.7789889565879665,0.7232850587043328,0.6488640418698703,12136,16365,4643,8856,20992,21008,0.5754842808906068,0.4998095238095238,0.9992383853769993,0.7077777777777777,0.7514905149051491,0.6181453410610789,0.6783268101761253,0.7864625257607432,0.6181453410610789,0.7968542312804607,0.7514905149051491,0.6774011299435029,2773,3597,917,1713,4486,4514,0.5375691056251526,0.49844444444444447,0.993797075764289
65,3.332108466542284e-05,11.689041376113892,0.6842619047619047,0.7300755907386465,0.5843178353658537,0.649114915460535,0.7563191789216042,0.5843178353658537,0.7841298552932217,0.7300755907386465,0.6537164173181476,12266,16473,4535,8726,20992,21008,0.5709463435828143,0.4998095238095238,0.9992383853769993,0.7078888888888889,0.754174650971804,0.6141328577797592,0.6769873448826638,0.7881401716283278,0.6141328577797592,0.8010633584404077,0.754174650971804,0.6762670656442865,2755,3616,898,1731,4486,4514,0.5351272212787413,0.49844444444444447,0.993797075764289
66,3.2093136291233324e-05,9.840518712997437,0.6803809523809524,0.723429381199811,0.5836509146341463,0.6460662307530057,0.7525273722488703,0.5836509146341463,0.7770373191165271,0.723429381199811,0.6512926907117779,12252,16324,4684,8740,20992,21008,0.5733772970079288,0.4998095238095238,0.9992383853769993,0.7074444444444444,0.7603259342511941,0.6032099866250558,0.6727159726538222,0.7893474919559715,0.6032099866250558,0.8110323438192291,0.7603259342511941,0.672854254732586,2706,3661,853,1780,4486,4514,0.5351405475341099,0.49844444444444447,0.993797075764289
67,3.0887794225945174e-05,11.817693710327148,0.6783095238095238,0.7213968629772122,0.5806021341463414,0.6433869137171061,0.7526847294145639,0.5806021341463414,0.7759424980959635,0.7213968629772122,0.6493128858793069,12188,16301,4707,8804,20992,21008,0.5730052209009153,0.4998095238095238,0.9992383853769993,0.7063333333333334,0.7320574162679426,0.6480160499331252,0.6874778290173821,0.7872230269488041,0.6480160499331252,0.7642888790429774,0.7320574162679426,0.6860210777490555,2907,3450,1064,1579,4486,4514,0.5365850291621517,0.49844444444444447,0.993797075764289
68,2.9706247996654154e-05,11.574633359909058,0.6838333333333333,0.7273209549071618,0.5877953506097561,0.6501567563295307,0.7545305992969579,0.5877953506097561,0.7797981721249048,0.7273209549071618,0.6543638905532255,12339,16382,4626,8653,20992,21008,0.5720363485776907,0.4998095238095238,0.9992383853769993,0.7054444444444444,0.7330454660909321,0.6433348194382523,0.6852665321144485,0.7876567101587748,0.6433348194382523,0.7671688081524147,0.7330454660909321,0.6839818289551649,2886,3463,1051,1600,4486,4514,0.5355392665090696,0.49844444444444447,0.993797075764289
69,2.854966364683875e-05,11.506334066390991,0.6836428571428571,0.7273800389541404,0.5870807926829268,0.6497429814155793,0.7552416390826868,0.5870807926829268,0.7801313785224676,0.7273800389541404,0.6540687233108513,12324,16389,4619,8668,20992,21008,0.5726671660924755,0.4998095238095238,0.9992383853769993,0.7083333333333334,0.7432679738562091,0.6337494427106554,0.6841535314643243,0.7886886213812243,0.6337494427106554,0.7824545857332743,0.7432679738562091,0.682512077294686,2843,3532,982,1643,4486,4514,0.5348321006331646,0.49844444444444447,0.993797075764289
70,2.741918258561609e-05,12.029381036758423,0.6856190476190476,0.7291666666666666,0.5902248475609756,0.652379949452401,0.7576662256023547,0.5902248475609756,0.780940594059406,0.7291666666666666,0.6560300703774792,12390,16406,4602,8602,20992,21008,0.5688205220960194,0.4998095238095238,0.9992383853769993,0.7086666666666667,0.7510775862068966,0.6214890771288453,0.6801658941205172,0.7909962486550487,0.6214890771288453,0.795303500221533,0.7510775862068966,0.6788956127080181,2788,3590,924,1698,4486,4514,0.5321143345094063,0.49844444444444447,0.993797075764289
71,2.6315920461308995e-05,11.659993171691895,0.6844285714285714,0.7273475143965213,0.5896532012195121,0.6513022888713497,0.756872159727479,0.5896532012195121,0.7791317593297792,0.7273475143965213,0.655191738051397,12378,16368,4640,8614,20992,21008,0.5703205694543555,0.4998095238095238,0.9992383853769993,0.7104444444444444,0.7633053221288515,0.6074453856442265,0.6765143992055611,0.7917959847907663,0.6074453856442265,0.812804607886575,0.7633053221288515,0.6756906077348066,2725,3669,845,1761,4486,4514,0.5315413479234131,0.49844444444444447,0.993797075764289
72,2.5240966060435704e-05,11.368693351745605,0.6803809523809524,0.7241971797606351,0.5822694359756098,0.6455241616054924,0.7558075167158301,0.5822694359756098,0.778417745620716,0.7241971797606351,0.6509433962264151,12223,16353,4655,8769,20992,21008,0.5697681835900686,0.4998095238095238,0.9992383853769993,0.7106666666666667,0.7569634079737848,0.6179224253232278,0.6804123711340206,0.7914688458219151,0.6179224253232278,0.8028356225077536,0.7569634079737848,0.6789059572873736,2772,3624,890,1714,4486,4514,0.5323484720478595,0.49844444444444447,0.993797075764289
73,2.4195380233209035e-05,11.125918865203857,0.6831428571428572,0.7282828282828283,0.5838891006097561,0.6481412934271059,0.7560141550678139,0.5838891006097561,0.7823210205635949,0.7282828282828283,0.6529598728645213,12257,16435,4573,8735,20992,21008,0.570989479500472,0.4998095238095238,0.9992383853769993,0.7094444444444444,0.7450877652606759,0.6339723584485064,0.6850535950861134,0.7926165359427676,0.6339723584485064,0.7844483828090385,0.7450877652606759,0.6831950607756125,2844,3541,973,1642,4486,4514,0.5296249116810274,0.49844444444444447,0.993797075764289
74,2.318019484660539e-05,12.063849210739136,0.6836428571428571,0.7293837451622507,0.5835556402439024,0.6483711329293144,0.7571293729167343,0.5835556402439024,0.7836538461538461,0.7293837451622507,0.6531640547510414,12250,16463,4545,8742,20992,21008,0.5690435220042985,0.4998095238095238,0.9992383853769993,0.7138888888888889,0.7496733733995297,0.6395452518947837,0.6902441958378444,0.7934580502606345,0.6395452518947837,0.7877713779353124,0.7496733733995297,0.6874154262516915,2869,3556,958,1617,4486,4514,0.5301300073173684,0.49844444444444447,0.993797075764289
75,2.2196411766036513e-05,12.072052240371704,0.6859761904761905,0.7292437863564252,0.5912252286585366,0.6530214937781169,0.7574726530119044,0.5912252286585366,0.7806549885757806,0.7292437863564252,0.6564989391937873,12411,16400,4608,8581,20992,21008,0.5697436776567013,0.4998095238095238,0.9992383853769993,0.711,0.7518033662837297,0.6272848863129737,0.6839227123587314,0.7937669421392918,0.6272848863129737,0.7941958351794417,0.7518033662837297,0.6819478790184516,2814,3585,929,1672,4486,4514,0.5286148270251045,0.49844444444444447,0.993797075764289
76,2.124500186662934e-05,12.190760612487793,0.6849047619047619,0.7282570318936095,0.5895579268292683,0.6516084873374401,0.7569501767456038,0.5895579268292683,0.7801789794364051,0.7282570318936095,0.6554426937534992,12376,16390,4618,8616,20992,21008,0.5701851210695632,0.4998095238095238,0.9992383853769993,0.7108888888888889,0.76960503720664,0.5994204190815872,0.6739348370927318,0.7942848236950837,0.5994204190815872,0.8216659282233053,0.76960503720664,0.6736287686160553,2689,3709,805,1797,4486,4514,0.5290619382556055,0.49844444444444447,0.993797075764289
77,2.032690407508951e-05,9.841392040252686,0.684404761904762,0.7284592216382212,0.5876048018292683,0.6504943968358603,0.7575774682198594,0.5876048018292683,0.7811309977151562,0.7284592216382212,0.6546455499261978,12335,16410,4598,8657,20992,21008,0.5693507719909529,0.4998095238095238,0.9992383853769993,0.7122222222222222,0.7574687669744704,0.6217119928666964,0.6829089128305583,0.7939410672814413,0.6217119928666964,0.8021710234824989,0.7574687669744704,0.6808950733358405,2789,3621,893,1697,4486,4514,0.5277900313827354,0.49844444444444447,0.993797075764289
78,1.944302444309395e-05,9.88996171951294,0.6846666666666666,0.7289598108747045,0.5875571646341463,0.6506646971935007,0.7579474671397685,0.5875571646341463,0.7817022086824067,0.7289598108747045,0.6547846889952154,12334,16422,4586,8658,20992,21008,0.5684444070043535,0.4998095238095238,0.9992383853769993,0.7075555555555556,0.735638027452974,0.645118145341061,0.6874109263657957,0.7914898830625717,0.645118145341061,0.7696056712450156,0.735638027452974,0.685748124753257,2894,3474,1040,1592,4486,4514,0.532173173528322,0.49844444444444447,0.993797075764289
79,1.8594235253127385e-05,9.994786500930786,0.6850714285714286,0.7292860095671174,0.5882717225609756,0.6512326961107449,0.7588787870028171,0.5882717225609756,0.7817974105102818,0.7292860095671174,0.6552040531375912,12349,16424,4584,8643,20992,21008,0.5669932784824023,0.4998095238095238,0.9992383853769993,0.7122222222222222,0.7564935064935064,0.623272403031654,0.6834514788560254,0.7947224575605768,0.623272403031654,0.8006202924235711,0.7564935064935064,0.6813725490196079,2796,3614,900,1690,4486,4514,0.5292895696532558,0.49844444444444447,0.993797075764289
80,1.778137415764474e-05,8.737987041473389,0.6852857142857143,0.7292944785276073,0.588938643292683,0.6516445287792536,0.759683736099227,0.588938643292683,0.781559405940594,0.7292944785276073,0.6555014372404983,12363,16419,4589,8629,20992,21008,0.5672531759304116,0.4998095238095238,0.9992383853769993,0.7114444444444444,0.7589799835481218,0.6170307623718234,0.6806836345751875,0.7941533656325759,0.6170307623718234,0.8052724856003545,0.7589799835481218,0.6790584718849243,2768,3635,879,1718,4486,4514,0.5275839940762855,0.49844444444444447,0.993797075764289
81,1.7005243352409347e-05,11.163663387298584,0.6820952380952381,0.7255283976856772,0.5854134908536586,0.6479831268125494,0.7576039795615754,0.5854134908536586,0.7787033511043412,0.7255283976856772,0.6527412018194877,12289,16359,4649,8703,20992,21008,0.5685447376549787,0.4998095238095238,0.9992383853769993,0.7111111111111111,0.7543149946062567,0.6234953187695051,0.6826946546253356,0.7947406305759799,0.6234953187695051,0.7981834293309703,0.7543149946062567,0.6808390022675737,2797,3603,911,1689,4486,4514,0.5263095229444369,0.49844444444444447,0.993797075764289
82,1.6266608784822544e-05,12.146618604660034,0.6883809523809524,0.7339846062759029,0.5905583079268293,0.6545060978828995,0.7602602849357329,0.5905583079268293,0.7861290936785986,0.7339846062759029,0.6577060931899642,12397,16515,4493,8595,20992,21008,0.5664615607551529,0.4998095238095238,0.9992383853769993,0.7138888888888889,0.7628610729023384,0.6181453410610789,0.6829208225587982,0.7943879604958152,0.6181453410610789,0.8090385467434648,0.7628610729023384,0.6807082945013979,2773,3652,862,1713,4486,4514,0.5280975670042173,0.49844444444444447,0.993797075764289
83,1.5566199398026153e-05,12.161001205444336,0.6874523809523809,0.7313643584161911,0.5921779725609756,0.6544526047013609,0.7596695637615694,0.5921779725609756,0.7826542269611576,0.7313643584161911,0.6576010878694557,12431,16442,4566,8561,20992,21008,0.5679176942555738,0.4998095238095238,0.9992383853769993,0.7145555555555556,0.7449527216969077,0.6497993758359341,0.6941302536016193,0.795174807617891,0.6497993758359341,0.7789100575985822,0.7449527216969077,0.6911735797129939,2915,3516,998,1571,4486,4514,0.5278958636270442,0.49844444444444447,0.993797075764289
84,1.4904706411523462e-05,11.153587818145752,0.6850714285714286,0.7290155134784404,0.5887480945121951,0.6514165239161945,0.7596149220302835,0.5887480945121951,0.7813214013709063,0.7290155134784404,0.6553279833912244,12359,16414,4594,8633,20992,21008,0.5674065345145286,0.4998095238095238,0.9992383853769993,0.7127777777777777,0.7525910178049429,0.6312973695942934,0.6866286822645169,0.7950153739759654,0.6312973695942934,0.7937527691626052,0.7525910178049429,0.6841703265228184,2832,3583,931,1654,4486,4514,0.5269942354988044,0.49844444444444447,0.993797075764289
85,1.428278263902914e-05,11.464911937713623,0.6876190476190476,0.7324317940238573,0.590844131097561,0.6540631756578601,0.7587695670323181,0.590844131097561,0.7843202589489718,0.7324317940238573,0.6573446102289955,12403,16477,4531,8589,20992,21008,0.5667218115735562,0.4998095238095238,0.9992383853769993,0.7148888888888889,0.7693602693602694,0.611234953187695,0.6812422360248447,0.7959768400721311,0.611234953187695,0.8178998670801949,0.7693602693602694,0.6791758646063282,2742,3692,822,1744,4486,4514,0.5258443124697242,0.49844444444444447,0.993797075764289
86,1.370104184422087e-05,11.79380178451538,0.6855476190476191,0.7322909828728292,0.5845560213414634,0.650136427455032,0.7594871703110633,0.5845560213414634,0.7864623000761615,0.7322909828728292,0.6545180842213683,12271,16522,4486,8721,20992,21008,0.5664487418613897,0.4998095238095238,0.9992383853769993,0.7146666666666667,0.7582121701669359,0.6277307177886758,0.686829268292683,0.7959892352538327,0.6277307177886758,0.8010633584404077,0.7582121701669359,0.6840711312902006,2816,3616,898,1670,4486,4514,0.526650993756845,0.49844444444444447,0.993797075764289
87,1.3160058135028698e-05,11.447699308395386,0.6884523809523809,0.7345038258496945,0.5898913871951219,0.6543023962378801,0.7600216023614117,0.5898913871951219,0.786938309215537,0.7345038258496945,0.657571297879957,12383,16532,4476,8609,20992,21008,0.566222106341533,0.4998095238095238,0.9992383853769993,0.7142222222222222,0.7522403795466526,0.6362015158270173,0.6893719806763285,0.795797035862668,0.6362015158270173,0.791758972086841,0.7522403795466526,0.6865155589704187,2854,3574,940,1632,4486,4514,0.5261585829963147,0.49844444444444447,0.993797075764289
88,1.2660365397059863e-05,11.56716251373291,0.6879285714285714,0.73468658848741,0.5879382621951219,0.6531713900134952,0.7603687894866271,0.5879382621951219,0.7878427265803504,0.73468658848741,0.6567596523947462,12342,16551,4457,8650,20992,21008,0.5652975738048553,0.4998095238095238,0.9992383853769993,0.7142222222222222,0.7677672076105204,0.6116807846633973,0.680893300248139,0.7967995640846697,0.6116807846633973,0.8161276030128489,0.7677672076105204,0.6789531883523774,2744,3684,830,1742,4486,4514,0.5255680420029332,0.49844444444444447,0.993797075764289
89,1.2202456766718098e-05,11.361142635345459,0.6897857142857143,0.736220706021952,0.5911299542682927,0.6557455016249637,0.7647926450039213,0.5911299542682927,0.7883663366336634,0.736220706021952,0.6586597733147743,12409,16562,4446,8583,20992,21008,0.5624027681568111,0.4998095238095238,0.9992383853769993,0.7147777777777777,0.7682415431926195,0.6125724476148016,0.6816321468436066,0.7970950731177449,0.6125724476148016,0.8163491360212671,0.7682415431926195,0.6795131845841785,2748,3685,829,1738,4486,4514,0.5253208686768169,0.49844444444444447,0.993797075764289
90,1.1786784144537573e-05,10.336419820785522,0.6865476190476191,0.7304363186716127,0.5909394054878049,0.6533245556287031,0.7616843713102035,0.5909394054878049,0.7820830159939071,0.7304363186716127,0.6567534076827757,12405,16430,4578,8587,20992,21008,0.563660155494887,0.4998095238095238,0.9992383853769993,0.7131111111111111,0.7476586888657648,0.6406598305840392,0.6900360144057623,0.7967433660098636,0.6406598305840392,0.7851129818342933,0.7476586888657648,0.6873545384018619,2874,3544,970,1612,4486,4514,0.5256920788489597,0.49844444444444447,0.993797075764289
91,1.1413757749211612e-05,9.873848676681519,0.6863809523809524,0.7312788359162428,0.588938643292683,0.652435484722149,0.759407329029635,0.588938643292683,0.7837490479817213,0.7312788359162428,0.6561329401450546,12363,16465,4543,8629,20992,21008,0.5669408085498404,0.4998095238095238,0.9992383853769993,0.7138888888888889,0.7598585803644275,0.6228265715559519,0.6845522479480584,0.7964961290489527,0.6228265715559519,0.8043863535666814,0.7598585803644275,0.6821341348863423,2794,3631,883,1692,4486,4514,0.5252801889265087,0.49844444444444447,0.993797075764289
92,1.1083745712756375e-05,9.86513376235962,0.6888809523809524,0.7317658068667018,0.5959889481707317,0.6569350731182231,0.7623552240152707,0.5959889481707317,0.7817022086824067,0.7317658068667018,0.6594386218527888,12511,16422,4586,8481,20992,21008,0.5641329962431841,0.4998095238095238,0.9992383853769993,0.7122222222222222,0.7419601837672282,0.6480160499331252,0.6918134221799144,0.7959493830162505,0.6480160499331252,0.7760301284891449,0.7419601837672282,0.6892955529319166,2907,3503,1011,1579,4486,4514,0.5264385447535717,0.49844444444444447,0.993797075764289
93,1.0797073717209012e-05,9.642055988311768,0.690047619047619,0.7353323102349192,0.5934641768292683,0.6568250118627089,0.7635535915361221,0.5934641768292683,0.7865575019040365,0.7353323102349192,0.6594301221166893,12458,16524,4484,8534,20992,21008,0.5634752136052198,0.4998095238095238,0.9992383853769993,0.7151111111111111,0.7540983606557377,0.6357556843513152,0.6898887276245766,0.7973758659589989,0.6357556843513152,0.7939743021710235,0.7540983606557377,0.6868532004599464,2852,3584,930,1634,4486,4514,0.5253202780871324,0.49844444444444447,0.993797075764289
94,1.0554024673218808e-05,11.861827373504639,0.6880714285714286,0.733890568498429,0.5897484756097561,0.6539711048308285,0.7616820685887808,0.5897484756097561,0.7863194973343488,0.733890568498429,0.6573156659106283,12380,16519,4489,8612,20992,21008,0.5663094327623721,0.4998095238095238,0.9992383853769993,0.7137777777777777,0.7475375842405392,0.6428889879625501,0.6912751677852349,0.7964049923643706,0.6428889879625501,0.7842268498006203,0.7475375842405392,0.6884480746791132,2884,3540,974,1602,4486,4514,0.5256230923491465,0.49844444444444447,0.993797075764289
95,1.0354838440848503e-05,11.652957439422607,0.6885238095238095,0.7335813843609733,0.5917016006097561,0.6550469359772176,0.7612834256737852,0.5917016006097561,0.7852722772277227,0.7335813843609733,0.6580899952130206,12421,16497,4511,8571,20992,21008,0.5652723658410974,0.4998095238095238,0.9992383853769993,0.7155555555555555,0.7819086651053864,0.5954079358002675,0.6760313844596305,0.798563926840971,0.5954079358002675,0.8349579087284005,0.7819086651053864,0.6749641833810889,2671,3769,745,1815,4486,4514,0.5251692617443245,0.49844444444444447,0.993797075764289
96,1.0199711592861402e-05,11.832791090011597,0.6911904761904762,0.7358024691358025,0.5962271341463414,0.6587021735698121,0.7635159804195527,0.5962271341463414,0.7860814927646611,0.7358024691358025,0.6608243297318928,12516,16514,4494,8476,20992,21008,0.5640745826042894,0.4998095238095238,0.9992383853769993,0.7153333333333334,0.7555791710945803,0.6339723584485064,0.6894545454545454,0.7978956487677609,0.6339723584485064,0.796189632255206,0.7555791710945803,0.686401833460657,2844,3594,920,1642,4486,4514,0.5235863277609919,0.49844444444444447,0.993797075764289
97,1.0088797220727781e-05,11.719794511795044,0.6883809523809524,0.7320338186942227,0.5939405487804879,0.6557963391542184,0.7616449087194425,0.5939405487804879,0.7827494287890328,0.7320338186942227,0.6586030118551747,12468,16444,4564,8524,20992,21008,0.5653270954056714,0.4998095238095238,0.9992383853769993,0.7147777777777777,0.76151539929136,0.6228265715559519,0.68522378908645,0.7977577461984324,0.6228265715559519,0.8061586176340275,0.76151539929136,0.6826111423747889,2794,3639,875,1692,4486,4514,0.5244064024636443,0.49844444444444447,0.993797075764289
98,1.002220478354208e-05,11.47799038887024,0.6883095238095238,0.7326971785356658,0.5925590701219512,0.6552187310700834,0.7623265788863969,0.5925590701219512,0.783987052551409,0.7326971785356658,0.6581944610957918,12439,16470,4538,8553,20992,21008,0.564237589622341,0.4998095238095238,0.9992383853769993,0.7141111111111111,0.7647384445059507,0.615916183682568,0.6823064575873564,0.7981749848047912,0.615916183682568,0.8116969428444838,0.7647384445059507,0.6801559309448673,2763,3664,850,1723,4486,4514,0.524560055262606,0.49844444444444447,0.993797075764289
99,1e-05,11.545464992523193,0.6888095238095238,0.7314208927319468,0.5963700457317073,0.6570273958223996,0.7625987716696631,0.5963700457317073,0.7811785986290937,0.7314208927319468,0.6595000803729304,12519,16411,4597,8473,20992,21008,0.5642264466336433,0.4998095238095238,0.9992383853769993,0.7148888888888889,0.7628696604600219,0.6210432456531431,0.6846891128041288,0.7987255086518368,0.6210432456531431,0.8081524147097917,0.7628696604600219,0.6821241585639491,2786,3648,866,1700,4486,4514,0.5236669589935894,0.49844444444444447,0.993797075764289
