epoch,loss_E,nSigmaMAE,nSigmaMAE_weighted,nlogE_MAE,nlogE_MAE_weighted,val_loss_E,val_nSigmaMAE,val_nSigmaMAE_weighted,val_nlogE_MAE,val_nlogE_MAE_weighted
0,-2.783604383468628,0.08676980435848236,0.08676980435848236,0.12862789630889893,0.12862789630889893,-3.086418867111206,0.07543645799160004,0.07543645799160004,0.11234588921070099,0.11234588921070099
1,-3.131800413131714,0.07100068032741547,0.07100068032741547,0.11105861514806747,0.11105861514806747,-3.186022996902466,0.07115697115659714,0.07115697115659714,0.10851568728685379,0.10851568728685379
2,-3.227267265319824,0.06777434796094894,0.06777434796094894,0.10730688273906708,0.10730688273906708,-3.2661337852478027,0.06930464506149292,0.06930464506149292,0.10513721406459808,0.10513721406459808
3,-3.3023369312286377,0.0657070204615593,0.0657070204615593,0.10383797436952591,0.10383797436952591,-3.3257927894592285,0.06739220768213272,0.06739220768213272,0.10220242291688919,0.10220242291688919
4,-3.353360652923584,0.06445745378732681,0.06445745378732681,0.1012866422533989,0.1012866422533989,-3.3707430362701416,0.06579339504241943,0.06579339504241943,0.1001342311501503,0.1001342311501503
5,-3.3897287845611572,0.063623808324337,0.063623808324337,0.09954129904508591,0.09954129904508591,-3.399341344833374,0.0649288147687912,0.0649288147687912,0.09862886369228363,0.09862886369228363
6,-3.4163053035736084,0.06296787410974503,0.06296787410974503,0.09829319268465042,0.09829319268465042,-3.4119114875793457,0.06486678123474121,0.06486678123474121,0.09768304973840714,0.09768304973840714
7,-3.4389050006866455,0.06238361820578575,0.06238361820578575,0.09728369861841202,0.09728369861841202,-3.4326281547546387,0.0643305703997612,0.0643305703997612,0.0968688502907753,0.0968688502907753
8,-3.4582324028015137,0.06186392903327942,0.06186392903327942,0.0964532271027565,0.0964532271027565,-3.4518868923187256,0.06370668858289719,0.06370668858289719,0.09614097326993942,0.09614097326993942
9,-3.4745657444000244,0.06139371171593666,0.06139371171593666,0.09577541053295135,0.09577541053295135,-3.4668447971343994,0.06293761730194092,0.06293761730194092,0.09555988013744354,0.09555988013744354
10,-3.4891257286071777,0.06096206232905388,0.06096206232905388,0.0951920673251152,0.0951920673251152,-3.482647657394409,0.06203211843967438,0.06203211843967438,0.09497729688882828,0.09497729688882828
11,-3.501917600631714,0.06060038506984711,0.06060038506984711,0.09468148648738861,0.09468148648738861,-3.4923975467681885,0.061723630875349045,0.061723630875349045,0.09452033042907715,0.09452033042907715
12,-3.5134027004241943,0.06026183068752289,0.06026183068752289,0.09422260522842407,0.09422260522842407,-3.502795696258545,0.061760399490594864,0.061760399490594864,0.09408547729253769,0.09408547729253769
13,-3.5230064392089844,0.05997517704963684,0.05997517704963684,0.09385375678539276,0.09385375678539276,-3.5140128135681152,0.06131630390882492,0.06131630390882492,0.09368577599525452,0.09368577599525452
14,-3.531865119934082,0.05972468480467796,0.05972468480467796,0.0935010015964508,0.0935010015964508,-3.520199775695801,0.060973942279815674,0.060973942279815674,0.0933624729514122,0.0933624729514122
15,-3.539796829223633,0.0594991073012352,0.0594991073012352,0.09319677948951721,0.09319677948951721,-3.529303550720215,0.0609353706240654,0.0609353706240654,0.09308279305696487,0.09308279305696487
16,-3.5468862056732178,0.05930297449231148,0.05930297449231148,0.09291834384202957,0.09291834384202957,-3.5375118255615234,0.06072439253330231,0.06072439253330231,0.09277229011058807,0.09277229011058807
17,-3.5534791946411133,0.05912790820002556,0.05912790820002556,0.09267613291740417,0.09267613291740417,-3.5416347980499268,0.060370661318302155,0.060370661318302155,0.09262911975383759,0.09262911975383759
18,-3.559561252593994,0.058955371379852295,0.058955371379852295,0.09245125204324722,0.09245125204324722,-3.5480711460113525,0.06043734401464462,0.06043734401464462,0.09245552867650986,0.09245552867650986
19,-3.5649619102478027,0.05881200358271599,0.05881200358271599,0.09225340187549591,0.09225340187549591,-3.550187587738037,0.06043142452836037,0.06043142452836037,0.09237434715032578,0.09237434715032578
20,-3.570415496826172,0.058664556592702866,0.058664556592702866,0.09204934537410736,0.09204934537410736,-3.559353828430176,0.060193851590156555,0.060193851590156555,0.09211257100105286,0.09211257100105286
21,-3.5750925540924072,0.058540865778923035,0.058540865778923035,0.09187310934066772,0.09187310934066772,-3.5630297660827637,0.06027218699455261,0.06027218699455261,0.09193947166204453,0.09193947166204453
22,-3.579465389251709,0.05841250345110893,0.05841250345110893,0.09172363579273224,0.09172363579273224,-3.566427707672119,0.05993930622935295,0.05993930622935295,0.09196948260068893,0.09196948260068893
23,-3.5842835903167725,0.05829586833715439,0.05829586833715439,0.09154191613197327,0.09154191613197327,-3.5691723823547363,0.059912774711847305,0.059912774711847305,0.09180819243192673,0.09180819243192673
24,-3.588843822479248,0.058180827647447586,0.058180827647447586,0.0913773849606514,0.0913773849606514,-3.574354410171509,0.059552356600761414,0.059552356600761414,0.09169535338878632,0.09169535338878632
25,-3.592754364013672,0.05807851254940033,0.05807851254940033,0.0912422388792038,0.0912422388792038,-3.5786523818969727,0.05943729355931282,0.05943729355931282,0.0915781557559967,0.0915781557559967
26,-3.5974600315093994,0.057961370795965195,0.057961370795965195,0.09106750786304474,0.09106750786304474,-3.5839321613311768,0.05898622050881386,0.05898622050881386,0.09144354611635208,0.09144354611635208
27,-3.6011860370635986,0.057879913598299026,0.057879913598299026,0.0909324437379837,0.0909324437379837,-3.584836721420288,0.059230219572782516,0.059230219572782516,0.09135937690734863,0.09135937690734863
28,-3.6047208309173584,0.05777936428785324,0.05777936428785324,0.0908016711473465,0.0908016711473465,-3.588524580001831,0.05930151790380478,0.05930151790380478,0.09122956544160843,0.09122956544160843
29,-3.608832836151123,0.057694606482982635,0.057694606482982635,0.09065714478492737,0.09065714478492737,-3.5895326137542725,0.05921458080410957,0.05921458080410957,0.09119492024183273,0.09119492024183273
30,-3.612358570098877,0.05761396139860153,0.05761396139860153,0.09052271395921707,0.09052271395921707,-3.5922834873199463,0.059291303157806396,0.059291303157806396,0.09104081988334656,0.09104081988334656
31,-3.6160995960235596,0.05753643065690994,0.05753643065690994,0.09037893265485764,0.09037893265485764,-3.5948448181152344,0.05904088541865349,0.05904088541865349,0.09103593230247498,0.09103593230247498
32,-3.6198675632476807,0.05744176730513573,0.05744176730513573,0.09025239944458008,0.09025239944458008,-3.601162910461426,0.0588572695851326,0.0588572695851326,0.09086994081735611,0.09086994081735611
33,-3.6235907077789307,0.05734315514564514,0.05734315514564514,0.09012854844331741,0.09012854844331741,-3.600139617919922,0.05894319713115692,0.05894319713115692,0.09086310863494873,0.09086310863494873
34,-3.6267378330230713,0.057269658893346786,0.057269658893346786,0.09001483023166656,0.09001483023166656,-3.60699725151062,0.058490172028541565,0.058490172028541565,0.09068309515714645,0.09068309515714645
35,-3.6301069259643555,0.05719051510095596,0.05719051510095596,0.08989210426807404,0.08989210426807404,-3.6084237098693848,0.05876464769244194,0.05876464769244194,0.0905575230717659,0.0905575230717659
36,-3.633577823638916,0.05710716173052788,0.05710716173052788,0.08976427465677261,0.08976427465677261,-3.6115546226501465,0.0585595965385437,0.0585595965385437,0.0904562920331955,0.0904562920331955
37,-3.636496067047119,0.05704845115542412,0.05704845115542412,0.08965756744146347,0.08965756744146347,-3.617743968963623,0.05832000449299812,0.05832000449299812,0.09030510485172272,0.09030510485172272
38,-3.640467882156372,0.05694776400923729,0.05694776400923729,0.08953248709440231,0.08953248709440231,-3.620713949203491,0.058101143687963486,0.058101143687963486,0.09019418060779572,0.09019418060779572
39,-3.642876625061035,0.05689620226621628,0.05689620226621628,0.08944398164749146,0.08944398164749146,-3.620260715484619,0.058051157742738724,0.058051157742738724,0.09027401357889175,0.09027401357889175
40,-3.6455585956573486,0.05682097747921944,0.05682097747921944,0.08935954421758652,0.08935954421758652,-3.626842498779297,0.057813700288534164,0.057813700288534164,0.08992774039506912,0.08992774039506912
41,-3.6495158672332764,0.056744370609521866,0.056744370609521866,0.08921467512845993,0.08921467512845993,-3.628699779510498,0.057747334241867065,0.057747334241867065,0.08985553681850433,0.08985553681850433
42,-3.6518030166625977,0.05669363588094711,0.05669363588094711,0.08912218362092972,0.08912218362092972,-3.6336259841918945,0.057463355362415314,0.057463355362415314,0.08968936651945114,0.08968936651945114
43,-3.6547935009002686,0.056615591049194336,0.056615591049194336,0.08902213722467422,0.08902213722467422,-3.635265588760376,0.05776912719011307,0.05776912719011307,0.08956960588693619,0.08956960588693619
44,-3.657851219177246,0.05654477700591087,0.05654477700591087,0.0889238566160202,0.0889238566160202,-3.6373653411865234,0.05752994492650032,0.05752994492650032,0.08954229950904846,0.08954229950904846
45,-3.660098075866699,0.0564781092107296,0.0564781092107296,0.08883921056985855,0.08883921056985855,-3.6423544883728027,0.057281509041786194,0.057281509041786194,0.08934356272220612,0.08934356272220612
46,-3.662715196609497,0.05643130838871002,0.05643130838871002,0.08874665200710297,0.08874665200710297,-3.6434326171875,0.05765007808804512,0.05765007808804512,0.08925564587116241,0.08925564587116241
47,-3.665058135986328,0.05637827888131142,0.05637827888131142,0.08866465091705322,0.08866465091705322,-3.6479434967041016,0.05771948769688606,0.05771948769688606,0.08903118968009949,0.08903118968009949
48,-3.6681973934173584,0.056309908628463745,0.056309908628463745,0.08854858577251434,0.08854858577251434,-3.6518375873565674,0.05731853097677231,0.05731853097677231,0.08888150006532669,0.08888150006532669
49,-3.6705386638641357,0.056242041289806366,0.056242041289806366,0.08848181366920471,0.08848181366920471,-3.65154767036438,0.057352662086486816,0.057352662086486816,0.0889214500784874,0.0889214500784874
50,-3.672882080078125,0.05620110407471657,0.05620110407471657,0.08838187903165817,0.08838187903165817,-3.653956413269043,0.05745041370391846,0.05745041370391846,0.088767871260643,0.088767871260643
51,-3.675204277038574,0.05615129694342613,0.05615129694342613,0.0883035808801651,0.0883035808801651,-3.6569738388061523,0.057526037096977234,0.057526037096977234,0.08861646056175232,0.08861646056175232
52,-3.6774885654449463,0.05609478801488876,0.05609478801488876,0.08823146671056747,0.08823146671056747,-3.658400058746338,0.057573042809963226,0.057573042809963226,0.088556669652462,0.088556669652462
53,-3.679877758026123,0.056028492748737335,0.056028492748737335,0.08814967423677444,0.08814967423677444,-3.663693428039551,0.05725477635860443,0.05725477635860443,0.08838585019111633,0.08838585019111633
54,-3.681751012802124,0.056003350764513016,0.056003350764513016,0.08808204531669617,0.08808204531669617,-3.6634552478790283,0.05747441574931145,0.05747441574931145,0.08832215517759323,0.08832215517759323
55,-3.6841061115264893,0.05594621226191521,0.05594621226191521,0.08799402415752411,0.08799402415752411,-3.6679208278656006,0.05720910802483559,0.05720910802483559,0.08817604929208755,0.08817604929208755
56,-3.6864523887634277,0.05588642880320549,0.05588642880320549,0.08791888505220413,0.08791888505220413,-3.669914960861206,0.057159535586833954,0.057159535586833954,0.08818397670984268,0.08818397670984268
57,-3.6887528896331787,0.055817022919654846,0.055817022919654846,0.08784131705760956,0.08784131705760956,-3.673084259033203,0.056952811777591705,0.056952811777591705,0.08802425861358643,0.08802425861358643
58,-3.6908273696899414,0.055776480585336685,0.055776480585336685,0.08776665478944778,0.08776665478944778,-3.6714184284210205,0.056879784911870956,0.056879784911870956,0.08813522011041641,0.08813522011041641
59,-3.6931474208831787,0.05571398511528969,0.05571398511528969,0.08770095556974411,0.08770095556974411,-3.677778482437134,0.05670727789402008,0.05670727789402008,0.08788082003593445,0.08788082003593445
60,-3.695136070251465,0.05568066984415054,0.05568066984415054,0.08762425929307938,0.08762425929307938,-3.677882671356201,0.05677931010723114,0.05677931010723114,0.08784838020801544,0.08784838020801544
61,-3.697045087814331,0.05562533810734749,0.05562533810734749,0.08756496757268906,0.08756496757268906,-3.6801493167877197,0.056843265891075134,0.056843265891075134,0.08771558851003647,0.08771558851003647
62,-3.699465751647949,0.05556797236204147,0.05556797236204147,0.08749233931303024,0.08749233931303024,-3.682936191558838,0.05670495703816414,0.05670495703816414,0.08760631084442139,0.08760631084442139
63,-3.70119571685791,0.05553187057375908,0.05553187057375908,0.08742252737283707,0.08742252737283707,-3.684863567352295,0.05657501891255379,0.05657501891255379,0.0875682607293129,0.0875682607293129
64,-3.703217029571533,0.05548825114965439,0.05548825114965439,0.08735542744398117,0.08735542744398117,-3.68630313873291,0.05650132894515991,0.05650132894515991,0.08751948177814484,0.08751948177814484
65,-3.7054014205932617,0.05541662871837616,0.05541662871837616,0.08729608356952667,0.08729608356952667,-3.688079833984375,0.056521937251091,0.056521937251091,0.08749417215585709,0.08749417215585709
66,-3.7073991298675537,0.05539008229970932,0.05539008229970932,0.0872170627117157,0.0872170627117157,-3.6907100677490234,0.05614800751209259,0.05614800751209259,0.08738898485898972,0.08738898485898972
67,-3.709463357925415,0.055323947221040726,0.055323947221040726,0.08715850859880447,0.08715850859880447,-3.690849781036377,0.05640242621302605,0.05640242621302605,0.08733382821083069,0.08733382821083069
68,-3.7116498947143555,0.05528659373521805,0.05528659373521805,0.0870773196220398,0.0870773196220398,-3.6913726329803467,0.05638331547379494,0.05638331547379494,0.08738905936479568,0.08738905936479568
69,-3.7133631706237793,0.05524430423974991,0.05524430423974991,0.08701852709054947,0.08701852709054947,-3.694873809814453,0.056259945034980774,0.056259945034980774,0.08723846822977066,0.08723846822977066
70,-3.714872360229492,0.0552108958363533,0.0552108958363533,0.08697330951690674,0.08697330951690674,-3.6960084438323975,0.056008338928222656,0.056008338928222656,0.0871523916721344,0.0871523916721344
71,-3.717050313949585,0.055150024592876434,0.055150024592876434,0.08689247071743011,0.08689247071743011,-3.69741153717041,0.05625254288315773,0.05625254288315773,0.08708859235048294,0.08708859235048294
72,-3.718837022781372,0.05510549992322922,0.05510549992322922,0.08685700595378876,0.08685700595378876,-3.6974899768829346,0.056057702749967575,0.056057702749967575,0.08708168566226959,0.08708168566226959
73,-3.7206244468688965,0.0550687275826931,0.0550687275826931,0.08677476644515991,0.08677476644515991,-3.698533296585083,0.05631270259618759,0.05631270259618759,0.08704109489917755,0.08704109489917755
74,-3.7220866680145264,0.05502166599035263,0.05502166599035263,0.08673303574323654,0.08673303574323654,-3.6998891830444336,0.056218791753053665,0.056218791753053665,0.08688896149396896,0.08688896149396896
75,-3.7242703437805176,0.05497070401906967,0.05497070401906967,0.0866721123456955,0.0866721123456955,-3.705303430557251,0.05571173131465912,0.05571173131465912,0.08681414276361465,0.08681414276361465
76,-3.725947380065918,0.05492352321743965,0.05492352321743965,0.08660562336444855,0.08660562336444855,-3.7051913738250732,0.05585743114352226,0.05585743114352226,0.0867980569601059,0.0867980569601059
77,-3.7276651859283447,0.05490197613835335,0.05490197613835335,0.08654450625181198,0.08654450625181198,-3.7076289653778076,0.055839695036411285,0.055839695036411285,0.08666271716356277,0.08666271716356277
78,-3.729588031768799,0.05485277622938156,0.05485277622938156,0.08647902309894562,0.08647902309894562,-3.7084338665008545,0.05583755299448967,0.05583755299448967,0.08655714243650436,0.08655714243650436
79,-3.730679988861084,0.054836247116327286,0.054836247116327286,0.08644260466098785,0.08644260466098785,-3.7105298042297363,0.05550279840826988,0.05550279840826988,0.08656011521816254,0.08656011521816254
80,-3.7327096462249756,0.054788704961538315,0.054788704961538315,0.08636938035488129,0.08636938035488129,-3.711495876312256,0.05557776615023613,0.05557776615023613,0.08651339262723923,0.08651339262723923
81,-3.734616994857788,0.05473832041025162,0.05473832041025162,0.08630456775426865,0.08630456775426865,-3.7113616466522217,0.055604226887226105,0.055604226887226105,0.08645666390657425,0.08645666390657425
82,-3.7357897758483887,0.054699335247278214,0.054699335247278214,0.08627235889434814,0.08627235889434814,-3.7131457328796387,0.055597156286239624,0.055597156286239624,0.08635652810335159,0.08635652810335159
83,-3.737536907196045,0.054673269391059875,0.054673269391059875,0.08620632439851761,0.08620632439851761,-3.7140800952911377,0.055290110409259796,0.055290110409259796,0.08630994707345963,0.08630994707345963
84,-3.739436626434326,0.05461306869983673,0.05461306869983673,0.08614780008792877,0.08614780008792877,-3.7159955501556396,0.055380746722221375,0.055380746722221375,0.08628295361995697,0.08628295361995697
85,-3.7404229640960693,0.054583922028541565,0.054583922028541565,0.08610805124044418,0.08610805124044418,-3.7161195278167725,0.055436789989471436,0.055436789989471436,0.08625480532646179,0.08625480532646179
86,-3.7422986030578613,0.054538048803806305,0.054538048803806305,0.08604997396469116,0.08604997396469116,-3.71470308303833,0.05537505820393562,0.05537505820393562,0.08614254742860794,0.08614254742860794
87,-3.7436540126800537,0.05451982095837593,0.05451982095837593,0.08599351346492767,0.08599351346492767,-3.7219769954681396,0.05524638295173645,0.05524638295173645,0.0860101729631424,0.0860101729631424
88,-3.745558500289917,0.054467663168907166,0.054467663168907166,0.08594340085983276,0.08594340085983276,-3.7204794883728027,0.055124301463365555,0.055124301463365555,0.086045041680336,0.086045041680336
89,-3.7469093799591064,0.05441857501864433,0.05441857501864433,0.08589360117912292,0.08589360117912292,-3.7215042114257812,0.055180713534355164,0.055180713534355164,0.08599161356687546,0.08599161356687546
90,-3.7489190101623535,0.054380182176828384,0.054380182176828384,0.08581268042325974,0.08581268042325974,-3.722480297088623,0.055128805339336395,0.055128805339336395,0.0859396904706955,0.0859396904706955
91,-3.7505080699920654,0.05433274060487747,0.05433274060487747,0.08577548712491989,0.08577548712491989,-3.7248921394348145,0.05499185621738434,0.05499185621738434,0.08589299023151398,0.08589299023151398
92,-3.7522573471069336,0.05430653691291809,0.05430653691291809,0.08571107685565948,0.08571107685565948,-3.723985433578491,0.055195003747940063,0.055195003747940063,0.08581887185573578,0.08581887185573578
93,-3.753124713897705,0.05428091436624527,0.05428091436624527,0.08568403124809265,0.08568403124809265,-3.7251760959625244,0.054890815168619156,0.054890815168619156,0.08585716784000397,0.08585716784000397
94,-3.755099296569824,0.05423513799905777,0.05423513799905777,0.08561385422945023,0.08561385422945023,-3.726641893386841,0.05476091429591179,0.05476091429591179,0.0856642946600914,0.0856642946600914
95,-3.74847412109375,0.05432203412055969,0.05432203412055969,0.08571165800094604,0.08571165800094604,-3.7243356704711914,0.05483243986964226,0.05483243986964226,0.08579088002443314,0.08579088002443314
96,-3.7564752101898193,0.05417919158935547,0.05417919158935547,0.08553139865398407,0.08553139865398407,-3.7275712490081787,0.05469560623168945,0.05469560623168945,0.08568160235881805,0.08568160235881805
97,-3.759810447692871,0.05410417541861534,0.05410417541861534,0.08545072376728058,0.08545072376728058,-3.727614641189575,0.05509300157427788,0.05509300157427788,0.08571431785821915,0.08571431785821915
98,-3.7608416080474854,0.05409450829029083,0.05409450829029083,0.08540479838848114,0.08540479838848114,-3.7287380695343018,0.05472422018647194,0.05472422018647194,0.08559112995862961,0.08559112995862961
99,-3.762610673904419,0.05404124781489372,0.05404124781489372,0.08534810692071915,0.08534810692071915,-3.7323412895202637,0.05465387552976608,0.05465387552976608,0.0855432078242302,0.0855432078242302
100,-3.764660120010376,0.05399983003735542,0.05399983003735542,0.08529014140367508,0.08529014140367508,-3.7313392162323,0.05465421453118324,0.05465421453118324,0.08552978932857513,0.08552978932857513
101,-3.76615309715271,0.053976427763700485,0.053976427763700485,0.085225410759449,0.085225410759449,-3.7325940132141113,0.05463980510830879,0.05463980510830879,0.08547814190387726,0.08547814190387726
102,-3.767259359359741,0.05392562225461006,0.05392562225461006,0.0852019190788269,0.0852019190788269,-3.7342264652252197,0.054608359932899475,0.054608359932899475,0.08538160473108292,0.08538160473108292
103,-3.7690610885620117,0.05390361323952675,0.05390361323952675,0.08513300120830536,0.08513300120830536,-3.7335045337677,0.054779715836048126,0.054779715836048126,0.08533790707588196,0.08533790707588196
104,-3.770460605621338,0.05386091768741608,0.05386091768741608,0.0850919634103775,0.0850919634103775,-3.7372355461120605,0.054437022656202316,0.054437022656202316,0.0852862074971199,0.0852862074971199
105,-3.7722723484039307,0.05380840599536896,0.05380840599536896,0.08502478152513504,0.08502478152513504,-3.7362067699432373,0.054409950971603394,0.054409950971603394,0.08532853424549103,0.08532853424549103
106,-3.7736005783081055,0.05379557982087135,0.05379557982087135,0.08497638255357742,0.08497638255357742,-3.7371888160705566,0.05447163060307503,0.05447163060307503,0.08526531606912613,0.08526531606912613
107,-3.7752819061279297,0.053746335208415985,0.053746335208415985,0.0849243551492691,0.0849243551492691,-3.73957896232605,0.054230108857154846,0.054230108857154846,0.08516670763492584,0.08516670763492584
108,-3.7770466804504395,0.053701724857091904,0.053701724857091904,0.08486592769622803,0.08486592769622803,-3.7404725551605225,0.05450665205717087,0.05450665205717087,0.08509490638971329,0.08509490638971329
109,-3.778534173965454,0.05366663634777069,0.05366663634777069,0.08480935543775558,0.08480935543775558,-3.741623640060425,0.054202545434236526,0.054202545434236526,0.08504322916269302,0.08504322916269302
110,-3.778554677963257,0.05367381498217583,0.05367381498217583,0.08481063693761826,0.08481063693761826,-3.744192123413086,0.05433345213532448,0.05433345213532448,0.08498493582010269,0.08498493582010269
111,-3.781702995300293,0.0535946749150753,0.0535946749150753,0.08470823615789413,0.08470823615789413,-3.7440402507781982,0.054197758436203,0.054197758436203,0.08493626862764359,0.08493626862764359
112,-3.782661199569702,0.053572289645671844,0.053572289645671844,0.08467815071344376,0.08467815071344376,-3.7444710731506348,0.05409412458539009,0.05409412458539009,0.08479724824428558,0.08479724824428558
113,-3.7847647666931152,0.05350890010595322,0.05350890010595322,0.08460330963134766,0.08460330963134766,-3.747258424758911,0.05381777882575989,0.05381777882575989,0.08488323539495468,0.08488323539495468
114,-3.7861242294311523,0.05348833277821541,0.05348833277821541,0.08455722779035568,0.08455722779035568,-3.7464215755462646,0.053961627185344696,0.053961627185344696,0.08485793322324753,0.08485793322324753
115,-3.7876603603363037,0.053450003266334534,0.053450003266334534,0.08450115472078323,0.08450115472078323,-3.747511386871338,0.05405781790614128,0.05405781790614128,0.08475273102521896,0.08475273102521896
116,-3.789555072784424,0.05339473858475685,0.05339473858475685,0.08445053547620773,0.08445053547620773,-3.74835205078125,0.053834546357393265,0.053834546357393265,0.08476752042770386,0.08476752042770386
117,-3.7910401821136475,0.05335698276758194,0.05335698276758194,0.08439420163631439,0.08439420163631439,-3.749356985092163,0.05388662591576576,0.05388662591576576,0.08475961536169052,0.08475961536169052
118,-3.7926127910614014,0.05332031473517418,0.05332031473517418,0.0843365490436554,0.0843365490436554,-3.7485899925231934,0.053888555616140366,0.053888555616140366,0.0846114307641983,0.0846114307641983
119,-3.7944681644439697,0.05329427123069763,0.05329427123069763,0.08426569402217865,0.08426569402217865,-3.751781702041626,0.053563933819532394,0.053563933819532394,0.0846373438835144,0.0846373438835144
120,-3.7949774265289307,0.053279127925634384,0.053279127925634384,0.08426372706890106,0.08426372706890106,-3.7515182495117188,0.05354258045554161,0.05354258045554161,0.0846816897392273,0.0846816897392273
121,-3.7969624996185303,0.05322594195604324,0.05322594195604324,0.08418331295251846,0.08418331295251846,-3.7505550384521484,0.05350041761994362,0.05350041761994362,0.08452455699443817,0.08452455699443817
122,-3.798389196395874,0.05316828191280365,0.05316828191280365,0.0841427743434906,0.0841427743434906,-3.7551238536834717,0.05378072336316109,0.05378072336316109,0.08453486114740372,0.08453486114740372
123,-3.797884464263916,0.05319128558039665,0.05319128558039665,0.08413000404834747,0.08413000404834747,-3.730611562728882,0.05404790863394737,0.05404790863394737,0.08509373664855957,0.08509373664855957
124,-3.800180435180664,0.0531325526535511,0.0531325526535511,0.08406304568052292,0.08406304568052292,-3.75551700592041,0.053276121616363525,0.053276121616363525,0.08440496772527695,0.08440496772527695
125,-3.803257942199707,0.05306294187903404,0.05306294187903404,0.08397451043128967,0.08397451043128967,-3.7554590702056885,0.0534331277012825,0.0534331277012825,0.0844593346118927,0.0844593346118927
126,-3.804802894592285,0.053031280636787415,0.053031280636787415,0.08392509818077087,0.08392509818077087,-3.758040189743042,0.05340494588017464,0.05340494588017464,0.08434145897626877,0.08434145897626877
127,-3.8057427406311035,0.05300119146704674,0.05300119146704674,0.08388868719339371,0.08388868719339371,-3.758688449859619,0.05341671407222748,0.05341671407222748,0.08438272774219513,0.08438272774219513
128,-3.807321310043335,0.0529693067073822,0.0529693067073822,0.08381795138120651,0.08381795138120651,-3.7601170539855957,0.05330439284443855,0.05330439284443855,0.08429906517267227,0.08429906517267227
129,-3.8091390132904053,0.05291884019970894,0.05291884019970894,0.08377286046743393,0.08377286046743393,-3.7597391605377197,0.053136520087718964,0.053136520087718964,0.08427798748016357,0.08427798748016357
130,-3.8098583221435547,0.052911125123500824,0.052911125123500824,0.08374445140361786,0.08374445140361786,-3.760571002960205,0.05300939083099365,0.05300939083099365,0.08422312140464783,0.08422312140464783
131,-3.8121657371520996,0.05283874645829201,0.05283874645829201,0.0836792141199112,0.0836792141199112,-3.759469985961914,0.053237225860357285,0.053237225860357285,0.08413711190223694,0.08413711190223694
132,-3.812981605529785,0.0528343990445137,0.0528343990445137,0.08364847302436829,0.08364847302436829,-3.762263774871826,0.053183432668447495,0.053183432668447495,0.08412283658981323,0.08412283658981323
133,-3.814023971557617,0.052821483463048935,0.052821483463048935,0.08360809087753296,0.08360809087753296,-3.7590744495391846,0.053200118243694305,0.053200118243694305,0.08432096242904663,0.08432096242904663
134,-3.815661907196045,0.052759259939193726,0.052759259939193726,0.0835609883069992,0.0835609883069992,-3.7627227306365967,0.052963338792324066,0.052963338792324066,0.08411174267530441,0.08411174267530441
135,-3.816206693649292,0.05274898186326027,0.05274898186326027,0.08354359865188599,0.08354359865188599,-3.7651772499084473,0.053172264248132706,0.053172264248132706,0.084037646651268,0.084037646651268
136,-3.818603277206421,0.05271682143211365,0.05271682143211365,0.08344100415706635,0.08344100415706635,-3.7644522190093994,0.052786100655794144,0.052786100655794144,0.08401209861040115,0.08401209861040115
137,-3.820032835006714,0.05265110731124878,0.05265110731124878,0.08341187238693237,0.08341187238693237,-3.7674853801727295,0.052942488342523575,0.052942488342523575,0.08397920429706573,0.08397920429706573
138,-3.8213350772857666,0.052635882049798965,0.052635882049798965,0.08336483687162399,0.08336483687162399,-3.768253803253174,0.053044870495796204,0.053044870495796204,0.0839310809969902,0.0839310809969902
139,-3.8217194080352783,0.05262814462184906,0.05262814462184906,0.08334513008594513,0.08334513008594513,-3.7670586109161377,0.053283218294382095,0.053283218294382095,0.08384929597377777,0.08384929597377777
140,-3.823699712753296,0.05258409306406975,0.05258409306406975,0.08328202366828918,0.08328202366828918,-3.768282890319824,0.05283510684967041,0.05283510684967041,0.08391539752483368,0.08391539752483368
141,-3.825441598892212,0.052535902708768845,0.052535902708768845,0.08322678506374359,0.08322678506374359,-3.7706596851348877,0.05297574773430824,0.05297574773430824,0.08382633328437805,0.08382633328437805
142,-3.8261940479278564,0.05250660702586174,0.05250660702586174,0.08319033682346344,0.08319033682346344,-3.7708353996276855,0.05273469537496567,0.05273469537496567,0.08380541205406189,0.08380541205406189
143,-3.827249765396118,0.052486568689346313,0.052486568689346313,0.08315510302782059,0.08315510302782059,-3.7718772888183594,0.05273633077740669,0.05273633077740669,0.08387986570596695,0.08387986570596695
144,-3.8289647102355957,0.05245279520750046,0.05245279520750046,0.08310641348361969,0.08310641348361969,-3.7724084854125977,0.05291727930307388,0.05291727930307388,0.08375053107738495,0.08375053107738495
145,-3.830061197280884,0.05242273584008217,0.05242273584008217,0.0830640196800232,0.0830640196800232,-3.773899555206299,0.05264997482299805,0.05264997482299805,0.08375263214111328,0.08375263214111328
146,-3.8310763835906982,0.052393268793821335,0.052393268793821335,0.08303240686655045,0.08303240686655045,-3.7742838859558105,0.05275103822350502,0.05275103822350502,0.08375667035579681,0.08375667035579681
147,-3.8332226276397705,0.0523490235209465,0.0523490235209465,0.0829700157046318,0.0829700157046318,-3.7736310958862305,0.05286256596446037,0.05286256596446037,0.08370833843946457,0.08370833843946457
148,-3.834030866622925,0.05231216549873352,0.05231216549873352,0.0829463079571724,0.0829463079571724,-3.7741751670837402,0.0526004433631897,0.0526004433631897,0.08372362703084946,0.08372362703084946
149,-3.834376335144043,0.052332594990730286,0.052332594990730286,0.08293046057224274,0.08293046057224274,-3.7751946449279785,0.05265214666724205,0.05265214666724205,0.08369424939155579,0.08369424939155579
150,-3.8359053134918213,0.05228584632277489,0.05228584632277489,0.0828750804066658,0.0828750804066658,-3.7761597633361816,0.052775412797927856,0.052775412797927856,0.08365947753190994,0.08365947753190994
151,-3.837773323059082,0.05223630741238594,0.05223630741238594,0.08282902091741562,0.08282902091741562,-3.7760274410247803,0.052491459995508194,0.052491459995508194,0.08365649729967117,0.08365649729967117
152,-3.838179349899292,0.05222518369555473,0.05222518369555473,0.08280346542596817,0.08280346542596817,-3.7788007259368896,0.05290631577372551,0.05290631577372551,0.08364167809486389,0.08364167809486389
153,-3.8389387130737305,0.05221822112798691,0.05221822112798691,0.08276805281639099,0.08276805281639099,-3.778620481491089,0.05264642462134361,0.05264642462134361,0.08358320593833923,0.08358320593833923
154,-3.8408570289611816,0.05215516686439514,0.05215516686439514,0.08271566778421402,0.08271566778421402,-3.7785732746124268,0.052700940519571304,0.052700940519571304,0.08354080468416214,0.08354080468416214
155,-3.839977741241455,0.052186790853738785,0.052186790853738785,0.0827321782708168,0.0827321782708168,-3.780559539794922,0.05252961069345474,0.05252961069345474,0.08355908840894699,0.08355908840894699
156,-3.842813491821289,0.05211787670850754,0.05211787670850754,0.08263644576072693,0.08263644576072693,-3.778696298599243,0.05240072309970856,0.05240072309970856,0.08358979225158691,0.08358979225158691
157,-3.8435657024383545,0.052091773599386215,0.052091773599386215,0.08262573182582855,0.08262573182582855,-3.779554843902588,0.052331943064928055,0.052331943064928055,0.08351865410804749,0.08351865410804749
158,-3.8453359603881836,0.05206377059221268,0.05206377059221268,0.08256895840167999,0.08256895840167999,-3.7799556255340576,0.052342988550662994,0.052342988550662994,0.0834578350186348,0.0834578350186348
159,-3.846527099609375,0.05203757807612419,0.05203757807612419,0.08253210037946701,0.08253210037946701,-3.782931089401245,0.05251557379961014,0.05251557379961014,0.08347104489803314,0.08347104489803314
160,-3.847543239593506,0.05200614780187607,0.05200614780187607,0.08250032365322113,0.08250032365322113,-3.7808022499084473,0.05225817859172821,0.05225817859172821,0.08340036123991013,0.08340036123991013
161,-3.847923755645752,0.05201480910181999,0.05201480910181999,0.08248282968997955,0.08248282968997955,-3.781336545944214,0.052397266030311584,0.052397266030311584,0.08329419791698456,0.08329419791698456
162,-3.8498754501342773,0.05196630582213402,0.05196630582213402,0.08242727071046829,0.08242727071046829,-3.7813808917999268,0.052665308117866516,0.052665308117866516,0.08343750983476639,0.08343750983476639
163,-3.8503305912017822,0.0519503578543663,0.0519503578543663,0.08240275830030441,0.08240275830030441,-3.783228874206543,0.0526057705283165,0.0526057705283165,0.08338387310504913,0.08338387310504913
164,-3.851868152618408,0.05191127955913544,0.05191127955913544,0.08236708492040634,0.08236708492040634,-3.7827048301696777,0.05243147164583206,0.05243147164583206,0.08328831195831299,0.08328831195831299
165,-3.8520429134368896,0.05192488804459572,0.05192488804459572,0.08234823495149612,0.08234823495149612,-3.7875564098358154,0.05236797779798508,0.05236797779798508,0.08321519941091537,0.08321519941091537
166,-3.853549003601074,0.05186640843749046,0.05186640843749046,0.08230892568826675,0.08230892568826675,-3.7857160568237305,0.052405357360839844,0.052405357360839844,0.08325570821762085,0.08325570821762085
167,-3.855161428451538,0.05184237286448479,0.05184237286448479,0.08225221931934357,0.08225221931934357,-3.7847070693969727,0.05221671238541603,0.05221671238541603,0.08331449329853058,0.08331449329853058
168,-3.8565421104431152,0.05179038271307945,0.05179038271307945,0.08223850280046463,0.08223850280046463,-3.787353515625,0.05230986699461937,0.05230986699461937,0.08321205526590347,0.08321205526590347
169,-3.856825113296509,0.05179410055279732,0.05179410055279732,0.08219816535711288,0.08219816535711288,-3.788306713104248,0.0524706169962883,0.0524706169962883,0.08325693011283875,0.08325693011283875
170,-3.858396291732788,0.05175603926181793,0.05175603926181793,0.08216571807861328,0.08216571807861328,-3.7859878540039062,0.05234101787209511,0.05234101787209511,0.08322500437498093,0.08322500437498093
171,-3.859233856201172,0.05174993723630905,0.05174993723630905,0.08213982731103897,0.08213982731103897,-3.7873122692108154,0.05225161835551262,0.05225161835551262,0.08322745561599731,0.08322745561599731
172,-3.8601279258728027,0.051727041602134705,0.051727041602134705,0.08212295174598694,0.08212295174598694,-3.785156011581421,0.05221175774931908,0.05221175774931908,0.08319192379713058,0.08319192379713058
173,-3.861586332321167,0.05167388543486595,0.05167388543486595,0.08206557482481003,0.08206557482481003,-3.7897567749023438,0.05250082165002823,0.05250082165002823,0.08301543444395065,0.08301543444395065
174,-3.8620293140411377,0.05168827623128891,0.05168827623128891,0.08204131573438644,0.08204131573438644,-3.785290479660034,0.05226566269993782,0.05226566269993782,0.08319184184074402,0.08319184184074402
175,-3.86287260055542,0.05165725573897362,0.05165725573897362,0.082023486495018,0.082023486495018,-3.7896687984466553,0.05214319005608559,0.05214319005608559,0.08313450217247009,0.08313450217247009
176,-3.8642070293426514,0.05163227766752243,0.05163227766752243,0.08197985589504242,0.08197985589504242,-3.7889440059661865,0.05205278843641281,0.05205278843641281,0.08304798603057861,0.08304798603057861
177,-3.8641834259033203,0.051636066287755966,0.051636066287755966,0.08198390156030655,0.08198390156030655,-3.7896530628204346,0.05201486870646477,0.05201486870646477,0.08297325670719147,0.08297325670719147
178,-3.8651316165924072,0.051588453352451324,0.051588453352451324,0.08196428418159485,0.08196428418159485,-3.7892675399780273,0.052158381789922714,0.052158381789922714,0.08294249325990677,0.08294249325990677
179,-3.8666141033172607,0.05156958848237991,0.05156958848237991,0.08191618323326111,0.08191618323326111,-3.7893502712249756,0.05221938714385033,0.05221938714385033,0.08280101418495178,0.08280101418495178
180,-3.8673534393310547,0.05155840516090393,0.05155840516090393,0.08188305050134659,0.08188305050134659,-3.791219711303711,0.05232684686779976,0.05232684686779976,0.0828818753361702,0.0828818753361702
181,-3.8684422969818115,0.05152128264307976,0.05152128264307976,0.08185715228319168,0.08185715228319168,-3.7913060188293457,0.05205577239394188,0.05205577239394188,0.0828978419303894,0.0828978419303894
182,-3.869569778442383,0.05150189250707626,0.05150189250707626,0.08182507008314133,0.08182507008314133,-3.7932069301605225,0.05248192697763443,0.05248192697763443,0.08288633078336716,0.08288633078336716
183,-3.870840549468994,0.051473867148160934,0.051473867148160934,0.08178948611021042,0.08178948611021042,-3.7911360263824463,0.05232938751578331,0.05232938751578331,0.08295920491218567,0.08295920491218567
184,-3.8713696002960205,0.051465243101119995,0.051465243101119995,0.08178682625293732,0.08178682625293732,-3.7924885749816895,0.05205634608864784,0.05205634608864784,0.08281677961349487,0.08281677961349487
185,-3.8727712631225586,0.051430489867925644,0.051430489867925644,0.08174418658018112,0.08174418658018112,-3.78934907913208,0.05205511301755905,0.05205511301755905,0.08282546699047089,0.08282546699047089
186,-3.873093843460083,0.051425766199827194,0.051425766199827194,0.08172998577356339,0.08172998577356339,-3.7953433990478516,0.05212196707725525,0.05212196707725525,0.08280861377716064,0.08280861377716064
187,-3.874748468399048,0.05139272287487984,0.05139272287487984,0.08167066425085068,0.08167066425085068,-3.791612148284912,0.052089158445596695,0.052089158445596695,0.08281094580888748,0.08281094580888748
188,-3.8752973079681396,0.05138858035206795,0.05138858035206795,0.08165227621793747,0.08165227621793747,-3.792004346847534,0.05224156007170677,0.05224156007170677,0.0827084481716156,0.0827084481716156
189,-3.8767361640930176,0.051357585936784744,0.051357585936784744,0.08162301778793335,0.08162301778793335,-3.792613983154297,0.051982637494802475,0.051982637494802475,0.08269977569580078,0.08269977569580078
190,-3.8771820068359375,0.05134964734315872,0.05134964734315872,0.08159536868333817,0.08159536868333817,-3.793757200241089,0.052118197083473206,0.052118197083473206,0.08276486396789551,0.08276486396789551
191,-3.8766069412231445,0.05135154351592064,0.05135154351592064,0.08161181211471558,0.08161181211471558,-3.7929847240448,0.0518956296145916,0.0518956296145916,0.08269596099853516,0.08269596099853516
192,-3.878854274749756,0.051304228603839874,0.051304228603839874,0.08155549317598343,0.08155549317598343,-3.792264938354492,0.051763180643320084,0.051763180643320084,0.08272868394851685,0.08272868394851685
193,-3.879385471343994,0.051306065171957016,0.051306065171957016,0.0815407931804657,0.0815407931804657,-3.790296792984009,0.05199719965457916,0.05199719965457916,0.08267167955636978,0.08267167955636978
194,-3.8800997734069824,0.051292888820171356,0.051292888820171356,0.08152548223733902,0.08152548223733902,-3.7903947830200195,0.05197523534297943,0.05197523534297943,0.08265849202871323,0.08265849202871323
195,-3.8813588619232178,0.05123627930879593,0.05123627930879593,0.08149252831935883,0.08149252831935883,-3.7895097732543945,0.0518602691590786,0.0518602691590786,0.08266609162092209,0.08266609162092209
196,-3.8814098834991455,0.0512489452958107,0.0512489452958107,0.08148442953824997,0.08148442953824997,-3.7651238441467285,0.052035264670848846,0.052035264670848846,0.08330114930868149,0.08330114930868149
197,-3.8807287216186523,0.051249805837869644,0.051249805837869644,0.08148114383220673,0.08148114383220673,-3.789250612258911,0.0520663820207119,0.0520663820207119,0.08257105201482773,0.08257105201482773
198,-3.8826284408569336,0.05123608559370041,0.05123608559370041,0.0814398005604744,0.0814398005604744,-3.784057855606079,0.05154296010732651,0.05154296010732651,0.08250612765550613,0.08250612765550613
199,-3.8849048614501953,0.051174793392419815,0.051174793392419815,0.08137683570384979,0.08137683570384979,-3.7918829917907715,0.051866695284843445,0.051866695284843445,0.08258038014173508,0.08258038014173508
200,-3.8842878341674805,0.05116267129778862,0.05116267129778862,0.08139682561159134,0.08139682561159134,-3.778237819671631,0.052306804805994034,0.052306804805994034,0.0828123465180397,0.0828123465180397
201,-3.8835878372192383,0.05121124908328056,0.05121124908328056,0.08138862252235413,0.08138862252235413,-3.7877495288848877,0.05179091915488243,0.05179091915488243,0.08252885192632675,0.08252885192632675
202,-3.886509656906128,0.05113712325692177,0.05113712325692177,0.08132965117692947,0.08132965117692947,-3.792081594467163,0.0517255924642086,0.0517255924642086,0.0825425535440445,0.0825425535440445
203,-3.887777090072632,0.05111277848482132,0.05111277848482132,0.08129853755235672,0.08129853755235672,-3.791712760925293,0.051732420921325684,0.051732420921325684,0.08246834576129913,0.08246834576129913
204,-3.8878538608551025,0.05110638588666916,0.05110638588666916,0.0812949612736702,0.0812949612736702,-3.789118528366089,0.05189875140786171,0.05189875140786171,0.08247537910938263,0.08247537910938263
205,-3.8900160789489746,0.051075465977191925,0.051075465977191925,0.08123080432415009,0.08123080432415009,-3.792551279067993,0.051703017204999924,0.051703017204999924,0.08248359709978104,0.08248359709978104
206,-3.890864610671997,0.05106376111507416,0.05106376111507416,0.08121834695339203,0.08121834695339203,-3.7914390563964844,0.05170894414186478,0.05170894414186478,0.08242960274219513,0.08242960274219513
