epoch,learning_rate_feature,learning_rate_classifier,learning_rate_discriminator,epoch_time,accuracy,precision,recall,f1,auc,sensitivity,specificity,precision_neutrino,precision_muon,true_positives,true_negatives,false_positives,false_negatives,total_neutrinos,total_muons,loss,positive_class_ratio,class_balance,classification_loss,domain_loss,total_loss,domain_accuracy,lambda_factor,domain_utilization,source_muons_avg,target_events_avg,domain_batch_size_avg,domain_auc,domain_auc_8hits,domain_auc_16hits,cls_auc_8hits,cls_events_8hits,cls_auc_16hits,cls_events_16hits,val_accuracy,val_precision,val_recall,val_f1,val_auc,val_sensitivity,val_specificity,val_precision_neutrino,val_precision_muon,val_true_positives,val_true_negatives,val_false_positives,val_false_negatives,val_total_neutrinos,val_total_muons,val_loss,val_positive_class_ratio,val_class_balance,val_domain_loss,val_domain_accuracy,val_domain_auc,val_val_cls_auc_8hits,val_val_cls_events_8hits,val_val_cls_auc_16hits,val_val_cls_events_16hits
0,0.0009997535269026829,0.0009997535269026829,0.009997533048548475,342.83245372772217,0.6760098039215686,0.7050199261452963,0.605063638681336,0.6512285678704332,0.7519994114079016,0.605063638681336,0.746930933756788,0.7050199261452963,0.6542109673342674,154264,190501,64544,100691,254955,255045,0.5716534911270964,0.49991176470588233,0.9996471210962772,0.5716534911270964,0.6766166378526296,1.248270128979726,0.5875653165991351,0.002496973339253117,0.9829226231263904,255.8124373119358,255.76730190571715,251.3259779338014,0.6309677363735888,0.5996467151536362,0.6047734928533821,0.9278202745388642,114655,0.9715064829195226,37841,0.7671,0.8152851233177986,0.6912864912864913,0.7481829430915796,0.8639536348178324,0.6912864912864913,0.843065287509732,0.8152851233177986,0.7315754931861175,31139,37900,7055,13906,45045,44955,0.44441510059616784,0.5005,0.9980019980019982,0.8504122935912826,0.41420953399078414,0.37803197975770914,0.9903612064889916,20281,0.9986526011008473,6728
1,0.0009990143508499217,0.0009990143508499217,0.009990134628777144,343.96970200538635,0.7830254901960785,0.8100089373184607,0.7394049930379871,0.7730983192088369,0.8737247945066161,0.7394049930379871,0.8266305946009528,0.8100089373184607,0.7603762424801996,188515,210828,44217,66440,254955,255045,0.4347726982479229,0.49991176470588233,0.9996471210962772,0.4347726982479229,0.6283759044010637,1.0631486026489867,0.6599353192861723,0.0049933362284606325,0.9825277908738839,255.8124373119358,255.76730190571715,251.23671013039117,0.7216551531887343,0.7335036988598149,0.7793051375427692,0.9888743946644962,114655,0.9977907998429684,37841,0.8379222222222222,0.8157185504602371,0.8735042735042735,0.8436230314855115,0.9267160079505758,0.8735042735042735,0.802268935602269,0.8157185504602371,0.8635667081697156,39347,36066,8889,5698,45045,44955,0.3537031210620295,0.5005,0.9980019980019982,0.8018308712000196,0.41047833097929304,0.38089222104980935,0.9965555525986789,20281,0.9994328578672368,6728
2,0.0009977832013192385,0.0009977832013192385,0.0099778120420331,347.87256050109863,0.8318803921568627,0.8450164338202312,0.8127708811358867,0.8285800540204445,0.9170761455836862,0.8127708811358867,0.850983159834539,0.8450164338202312,0.819714171331022,207220,217039,38006,47735,254955,255045,0.3616448440546975,0.49991176470588233,0.9996471210962772,0.3616448440546975,0.6451166260804432,1.0067614701351406,0.6429390099007961,0.00748347559359166,0.9824015687179345,255.8124373119358,255.76730190571715,251.18054162487462,0.6948201768061419,0.7453091168925896,0.7838424459636387,0.9939001431106651,114655,0.9984412705317144,37841,0.8617666666666667,0.8530558322865682,0.8744366744366744,0.8636139400782732,0.9420533897077108,0.8744366744366744,0.849071293515738,0.8530558322865682,0.8709441883813261,39389,38170,6785,5656,45045,44955,0.3176907097751444,0.5005,0.9980019980019982,0.8059654804793271,0.3926698888906024,0.3603126552390937,0.9962184226814941,20281,0.9988202451553165,6728
3,0.0009960612933065818,0.0009960612933065818,0.009960577449221734,352.3874135017395,0.8539450980392157,0.8620650913453629,0.8426702751465945,0.8522573555954889,0.9345497145784418,0.8426702751465945,0.8652159422846949,0.8620650913453629,0.8461851131792577,214843,220669,34376,40112,254955,255045,0.324122095837397,0.49991176470588233,0.9996471210962772,0.324122095837397,0.6492280612737986,0.9733501571111957,0.6297129485289097,0.00996431684272372,0.9831895350831792,255.8124373119358,255.76730190571715,251.3801404212638,0.6828085919825547,0.7469057571976014,0.7829292179711034,0.9957216214319857,114655,0.9991485723283469,37841,0.8945888888888889,0.8830030159414045,0.90995670995671,0.8962772645274149,0.9623909828848101,0.90995670995671,0.8791903014125236,0.8830030159414045,0.9069297843047269,40989,39524,5431,4056,45045,44955,0.2548845564438538,0.5005,0.9980019980019982,0.7569321119649843,0.47874680771069095,0.4656212924556257,0.9978184158581342,20281,0.9996098716168051,6728
4,0.0009938503261272714,0.0009938503261272714,0.009938447858805393,352.4641888141632,0.8650980392156863,0.8707897619758989,0.8573669863309211,0.8640262460966837,0.943115270493017,0.8573669863309211,0.8728263639749848,0.8707897619758989,0.8595810406409885,218590,222610,32435,36365,254955,255045,0.30313429653405427,0.49991176470588233,0.9996471210962772,0.30313429653405427,0.6550049820061075,0.9581392785401617,0.6235121267370379,0.012432831422393532,0.9828546823192339,255.8124373119358,255.76730190571715,251.29588766298897,0.6736226831881935,0.7423870846278947,0.7808307205357531,0.9966818271363209,114655,0.9993066782112673,37841,0.8990666666666667,0.9075455019379406,0.8888888888888888,0.8981203176169754,0.9640892396447952,0.8888888888888888,0.9092648203759315,0.9075455019379406,0.8909134500119875,40040,40876,4079,5005,45045,44955,0.24357589732178234,0.5005,0.9980019980019982,0.7534184736961668,0.48384769379415293,0.3830274447777756,0.9981444016765373,20281,0.9996502899093895,6728
5,0.00099115248173898,0.00099115248173898,0.009911445110018081,352.794269323349,0.8713529411764706,0.876870469373863,0.8639799180247495,0.8703774680833409,0.9473932376235497,0.8639799180247495,0.8787233625438648,0.876870469373863,0.8659971482999926,220276,224114,30931,34679,254955,255045,0.2920497268468231,0.49991176470588233,0.9996471210962772,0.2920497268468231,0.6689934742486584,0.9610432010954816,0.6036988213404251,0.014886051414244685,0.9830264166684236,255.8124373119358,255.76730190571715,251.34403209628886,0.6471329724183821,0.6931946507752661,0.6985674559627821,0.9968854419821641,114655,0.9994482553976008,37841,0.9024555555555556,0.9237672353353588,0.8775224775224775,0.9000512324244322,0.9685423203941722,0.8775224775224775,0.9274385496607719,0.9237672353353588,0.8831391654310528,39528,41693,3262,5517,45045,44955,0.23128138228573583,0.5005,0.9980019980019982,0.7263550494204868,0.42766753905876115,0.41030259585176543,0.9985307616226745,20281,0.9997796284456595,6728
6,0.0009879704225884043,0.0009879704225884043,0.00987959585131277,353.3901090621948,0.8754686274509804,0.8812896338548803,0.8677845109921358,0.8744849338837912,0.9499828407722454,0.8677845109921358,0.8831500323472329,0.8812896338548803,0.8698252958077173,221246,225243,29802,33709,254955,255045,0.28498245280987045,0.49991176470588233,0.9996471210962772,0.28498245280987045,0.6767358293863333,0.9617182821962037,0.5924266626985525,0.01732108350213841,0.9828911411098498,255.8124373119358,255.76730190571715,251.308926780341,0.632915456026708,0.6661657418735362,0.6808663997840715,0.9971350361575523,114655,0.9994184325432056,37841,0.8928555555555555,0.8622058522611009,0.9354201354201355,0.897322046531438,0.9662750645466696,0.9354201354201355,0.8502057613168724,0.8622058522611009,0.9292730367128617,42136,38221,6734,2909,45045,44955,0.25978046808053146,0.5005,0.9980019980019982,0.8293837186965075,0.3998041371391578,0.29724932440493024,0.9977647882683282,20281,0.9993685101082475,6728
7,0.0009843072889837512,0.0009843072889837512,0.009842931514062592,350.95761251449585,0.8789431372549019,0.8833255299056446,0.8731776195799259,0.8782222607947833,0.9524490876925706,0.8731776195799259,0.8847066204003216,0.8833255299056446,0.8746617876220084,222621,225640,29405,32334,254955,255045,0.2780414604644479,0.49991176470588233,0.9996471210962772,0.2780414604644479,0.6798577697848605,0.9578992302493083,0.5868219714107341,0.019735122173595677,0.9819273199532519,255.8124373119358,255.76730190571715,251.06619859578737,0.6262066767240126,0.6544891119890157,0.6634594587313729,0.9973342504179544,114655,0.9994647128936486,37841,0.9106333333333333,0.8988831874434048,0.9255633255633255,0.9120281754842662,0.9715062455803195,0.9255633255633255,0.8956734512290068,0.8988831874434048,0.9231280663946078,41692,40265,4690,3353,45045,44955,0.22092481270771136,0.5005,0.9980019980019982,0.8877591660076921,0.37830750965936616,0.265048426720359,0.9982024071292764,20281,0.9996953011897676,6728
8,0.000980166695995633,0.000980166695995633,0.009801488281541879,345.2979016304016,0.8817294117647059,0.8868461535403805,0.8750681492812457,0.8809177847446518,0.9540907400312765,0.8750681492812457,0.8883883236291635,0.8868461535403805,0.8767485324902973,223103,226579,28466,31852,254955,255045,0.27333424989892585,0.49991176470588233,0.9996471210962772,0.27333424989892585,0.6785407182326169,0.9518749681315427,0.5886725792913523,0.022125462032782206,0.9824888444081703,255.8124373119358,255.76730190571715,251.20461384152458,0.6265635818023116,0.6173623710922498,0.6091211358210196,0.9974183656833671,114655,0.9993796369678059,37841,0.9042777777777777,0.8895423438836613,0.9234099234099234,0.9061597952181254,0.969635093585711,0.9234099234099234,0.885107329551774,0.8895423438836613,0.9202127659574468,41595,39790,5165,3450,45045,44955,0.22599840824576942,0.5005,0.9980019980019982,0.9253503290767019,0.3473379369825125,0.2513323224545263,0.9981200895175958,20281,0.9998066352138862,6728
9,0.0009755527298894294,0.0009755527298894294,0.009755307053217623,343.99558758735657,0.8840705882352942,0.8875002473435305,0.8795983604949893,0.883531636592861,0.9556055085136663,0.8795983604949893,0.8885412378207768,0.8875002473435305,0.8807026407321765,224258,226618,28427,30697,254955,255045,0.26886951247811197,0.49991176470588233,0.9996471210962772,0.26886951247811197,0.6817522136832671,0.9506217261613791,0.5822656997288003,0.02448950911744803,0.9829965954577087,255.8124373119358,255.76730190571715,251.3360080240722,0.61893282551795,0.6073121709102791,0.6072035988131369,0.9975831838336461,114655,0.99966007554848,37841,0.9081888888888889,0.9099826117972268,0.9062049062049062,0.9080898301502731,0.9708354135514629,0.9062049062049062,0.9101768435101768,0.9099826117972268,0.906406450755394,40820,40917,4038,4225,45045,44955,0.21924150142480026,0.5005,0.9980019980019982,0.8277716596018184,0.38602674329145387,0.2675507291317165,0.9982573643287475,20281,0.9998061759151069,6728
10,0.0009704699440926358,0.0009704699440926358,0.009704433404386653,343.99975776672363,0.8860901960784314,0.8902642586681998,0.8806965935165029,0.8854545813040993,0.9570211206761672,0.8806965935165029,0.8914818953518007,0.8902642586681998,0.8820063230987063,224538,227368,27677,30417,254955,255045,0.2645434112911119,0.49991176470588233,0.9996471210962772,0.2645434112911119,0.6841068388585939,0.9486502501497058,0.5770926416338745,0.02682479112890144,0.9833684576588625,255.8124373119358,255.76730190571715,251.4272818455366,0.6103592418514551,0.5829844182023125,0.5860648763078805,0.9976748618474884,114655,0.999548316857325,37841,0.9093222222222223,0.9202442803755355,0.8965256965256966,0.9082301611397857,0.9712689976887506,0.8965256965256966,0.922144366588811,0.9202442803755355,0.8989287882730506,40384,41455,3500,4661,45045,44955,0.21853052697737108,0.5005,0.9980019980019982,0.8458946855230765,0.3659101805903695,0.2847258759680521,0.998699080357255,20281,0.9998694672869037,6728
11,0.0009649233547011817,0.0009649233547011817,0.009648917541198315,344.15700507164,0.8876254901960784,0.8918615624975217,0.8821752858347551,0.8869919805340132,0.9581809578902951,0.8821752858347551,0.8930737712952617,0.8918615624975217,0.883481890044761,224915,227774,27271,30040,254955,255045,0.26105541596142434,0.49991176470588233,0.9996471210962772,0.26105541596142434,0.6840848074992418,0.9451402234606662,0.5747073707035336,0.02912896650181278,0.9831052419529939,255.8124373119358,255.76730190571715,251.34904714142428,0.6081102952785176,0.5787930814076111,0.5597913281384644,0.997915043054623,114655,0.9996984729820895,37841,0.9142,0.9154663045172207,0.9128649128649129,0.9141637580311687,0.973494033987861,0.9128649128649129,0.9155377599822044,0.9154663045172207,0.9129383581394317,41120,41158,3797,3925,45045,44955,0.20915997485545548,0.5005,0.9980019980019982,0.9230371368202296,0.3389815063300458,0.26781382391058606,0.9987776455149932,20281,0.9998413582016065,6728
12,0.0009589184355291487,0.0009589184355291487,0.009588814251107065,345.1709303855896,0.8891960784313725,0.8931456805385508,0.8841285717087329,0.8886142516990713,0.9588746952590735,0.8841285717087329,0.8942617969377953,0.8931456805385508,0.8853267810215861,225413,228077,26968,29542,254955,255045,0.2591273030462332,0.49991176470588233,0.9996471210962772,0.2591273030462332,0.6847049194568378,0.943832222503071,0.5718968296003198,0.03139983225898262,0.9825916667412231,255.8124373119358,255.76730190571715,251.22768304914743,0.6062005869228195,0.5949378318541265,0.6045066761073641,0.9978669186501212,114655,0.9995847613618609,37841,0.9078444444444445,0.9041147104748081,0.9126651126651126,0.908369790976181,0.9708367661454083,0.9126651126651126,0.9030141252363475,0.9041147104748081,0.9116530800152709,41111,40595,4360,3934,45045,44955,0.220244617709382,0.5005,0.9980019980019982,0.9686021351001479,0.33383347635919397,0.2722340638134874,0.9982299005024525,20281,0.9998330908235779,6728
13,0.000952461112706777,0.000952461112706777,0.009524182848803867,344.09093594551086,0.8912,0.8962379966706528,0.8847992783040144,0.890481904882208,0.9602928883366874,0.8847992783040144,0.8975984630163305,0.8962379966706528,0.8862906941180569,225584,228928,26117,29371,254955,255045,0.254497211684315,0.49991176470588233,0.9996471210962772,0.254497211684315,0.683851291805715,0.93834850349003,0.5689262019595507,0.03363533061474313,0.9835947558810417,255.8124373119358,255.76730190571715,251.49448345035105,0.6036417662679942,0.5844141439387794,0.5733937924435424,0.9979500069423634,114655,0.9996682112998813,37841,0.8991,0.8807003429732819,0.9234987234987235,0.9015919114858202,0.9671433397359323,0.9234987234987235,0.8746524302079858,0.8807003429732819,0.9194219707244072,41599,39320,5635,3446,45045,44955,0.24109493450007655,0.5005,0.9980019980019982,0.7913614552129399,0.35531060075895354,0.2996625642185847,0.9982957457277328,20281,0.9996138215863077,6728
14,0.00094555775883209,0.00094555775883209,0.009455087117679747,342.74935245513916,0.8921862745098039,0.8968761163815345,0.8862348257535644,0.8915237183976642,0.9606818499635639,0.8862348257535644,0.8981356231253308,0.8968761163815345,0.8876080133297167,225950,229065,25980,29005,254955,255045,0.2533076098982764,0.49991176470588233,0.9996471210962772,0.2533076098982764,0.6863233210330263,0.9396309309313027,0.5610618573373395,0.03583355430898316,0.9820333063204173,255.8124373119358,255.76730190571715,251.07823470411233,0.5930275213400049,0.5888549873142691,0.5855073704889855,0.9980190881484431,114655,0.9995752989555159,37841,0.9126111111111112,0.9298862269910276,0.8927072927072927,0.9109175548482823,0.9737525742464015,0.8927072927072927,0.9325547769992214,0.9298862269910276,0.8966335871332022,40212,41923,3032,4833,45045,44955,0.2092411843213168,0.5005,0.9980019980019982,0.8528377942063592,0.4277900150892409,0.3271369816716962,0.9989085726711162,20281,0.9998863694819845,6728
15,0.0009382151866819101,0.0009382151866819101,0.009381595246879298,345.33025670051575,0.8930078431372549,0.8973370610512957,0.8875174050322606,0.8924002208550245,0.9611634403438056,0.8875174050322606,0.8984963437824698,0.8973370610512957,0.8887738282234763,226277,229157,25888,28678,254955,255045,0.2518387398605002,0.49991176470588233,0.9996471210962772,0.2518387398605002,0.6863998077219444,0.9382385475824446,0.5589834979867027,0.03799275067151569,0.9824476147047109,255.8124373119358,255.76730190571715,251.19658976930793,0.5918835711429262,0.6040816505102851,0.6096346693141335,0.9980672862281146,114655,0.9997106758826553,37841,0.9109333333333334,0.9101845492611383,0.9120435120435121,0.9111130824333016,0.9718887222590928,0.9120435120435121,0.9098209320431543,0.9101845492611383,0.9116866905913559,41083,40901,4054,3962,45045,44955,0.2148858964951201,0.5005,0.9980019980019982,0.8220427415587686,0.3580849263817072,0.2875537526598118,0.9985976853091271,20281,0.9998433791162357,6728
16,0.0009304406424884702,0.0009304406424884702,0.00930377976400622,345.3268668651581,0.8947098039215686,0.8982936801649719,0.8901688533270578,0.8942128115617686,0.9619733028142397,0.8901688533270578,0.8992491521104119,0.8982936801649719,0.891191407843762,226953,229349,25696,28002,254955,255045,0.24913116893474174,0.49991176470588233,0.9996471210962772,0.24913116893474174,0.6865790955042289,0.9357102644389707,0.5543831832848916,0.04011132443329666,0.9826644480648213,255.8124373119358,255.76730190571715,251.24774322968906,0.5872906756886013,0.5697726621978062,0.5612461847543052,0.9981688801166085,114655,0.9997284178945519,37841,0.9078666666666667,0.9154289589691421,0.898967698967699,0.9071236559139785,0.9705480964740224,0.898967698967699,0.9167834501167834,0.9154289589691421,0.9005571943625041,40494,41214,3741,4551,45045,44955,0.22012271520427681,0.5005,0.9980019980019982,0.7673443335701119,0.39990658770230686,0.32672799629580834,0.9985013526266853,20281,0.9997623588115552,6728
17,0.000922241798788257,0.000922241798788257,0.009221717463547328,343.74271154403687,0.8954294117647059,0.9000380943310874,0.8896275813378831,0.8948025587767107,0.9627456585322561,0.8896275813378831,0.901229194847968,0.9000380943310874,0.8909276959929301,226815,229854,25191,28140,254955,255045,0.2467398669649151,0.49991176470588233,0.9996471210962772,0.2467398669649151,0.693069929464411,0.939809796429326,0.539916788264287,0.04218783931656194,0.9831391325743177,255.8124373119358,255.76730190571715,251.36710130391174,0.5650035633441762,0.5024420029410301,0.49446778550212184,0.9982397171703349,114655,0.9997816700855422,37841,0.9113333333333333,0.9057293605096657,0.9184371184371184,0.9120389762130464,0.9721442889344124,0.9184371184371184,0.9042153264375486,0.9057293605096657,0.9171084989734449,41371,40649,4306,3674,45045,44955,0.22071600425988436,0.5005,0.9980019980019982,0.7150329239666462,0.41645641218532214,0.40510230840454986,0.9989972822581477,20281,0.9998965659148864,6728
18,0.0009136267468501441,0.0009136267468501441,0.009135489331085675,343.2915925979614,0.8958549019607843,0.9001526535952895,0.8904434115824361,0.8952717091253254,0.9628963945000415,0.8904434115824361,0.9012644827383403,0.9001526535952895,0.8916503423262669,227023,229863,25182,27932,254955,255045,0.24611129776883867,0.49991176470588233,0.9996471210962772,0.24611129776883867,0.6930663280764459,0.9391776258452845,0.5407966193009762,0.04422101845002775,0.9820305213119231,255.8124373119358,255.76730190571715,251.09027081243732,0.5669111611410254,0.5401891261533975,0.5444870609198333,0.9982917153133103,114655,0.9997028961339497,37841,0.9068444444444445,0.9362431281087127,0.8733488733488733,0.9037030230634935,0.9715228947327712,0.8733488733488733,0.9404070737404071,0.9362431281087127,0.8810987682624372,39340,42276,2679,5705,45045,44955,0.2229672907428308,0.5005,0.9980019980019982,0.741740689358928,0.5038904092189941,0.383899963376505,0.9984383291285824,20281,0.9998073700919332,6728
19,0.0009046039886902867,0.0009046039886902867,0.009045180463377553,343.9783890247345,0.8979705882352941,0.9024178386996977,0.8924045419779961,0.8973832582960118,0.964103557351937,0.8924045419779961,0.9035346703522907,0.9024178386996977,0.8936224667861048,227523,230442,24603,27432,254955,255045,0.2422120046232983,0.49991176470588233,0.9996471210962772,0.2422120046232983,0.6948834692941626,0.9370954739174608,0.5290398489508251,0.04620974366771105,0.9827867179680356,255.8124373119358,255.76730190571715,251.27382146439317,0.5526367150897424,0.5365489366594411,0.548985840861348,0.9983331925802943,114655,0.9997298448114792,37841,0.9094333333333333,0.9364294501750734,0.8786990786990787,0.9066462038871645,0.9727847019205043,0.8786990786990787,0.9402291180068958,0.9364294501750734,0.8855275287019191,39581,42268,2687,5464,45045,44955,0.21777514046566052,0.5005,0.9980019980019982,0.692639734596014,0.5344577987085689,0.5995113390886774,0.9986568086188805,20281,0.9998674463722745,6728
20,0.0008951824286816577,0.0008951824286816577,0.008950879984372266,344.2456772327423,0.8981686274509804,0.9026165384905226,0.8926045772783432,0.8975826394942041,0.9643926060729723,0.8926045772783432,0.9037307141876924,0.9026165384905226,0.8938198260383987,227574,230492,24553,27381,254955,255045,0.2411670464659885,0.49991176470588233,0.9996471210962772,0.2411670464659885,0.6943392104346869,0.9355062569006755,0.5302791469912591,0.04815305376053674,0.9828673175792482,255.8124373119358,255.76730190571715,251.29087261785355,0.5550620062503376,0.5581315871201924,0.5622519457276764,0.9983492814147481,114655,0.9997274298054374,37841,0.9059444444444444,0.9045923107552095,0.9078255078255079,0.9062060254180009,0.9702667998964295,0.9078255078255079,0.9040596151707263,0.9045923107552095,0.9073090146001697,40893,40642,4313,4152,45045,44955,0.22558426365933634,0.5005,0.9980019980019982,0.760380045934157,0.3968667242337357,0.3658170597349413,0.9984070537545822,20281,0.9995939339491612,6728
21,0.0008853713647665071,0.0008853713647665071,0.008852680957257561,343.9514572620392,0.8986549019607843,0.9026452259554626,0.8936596654311545,0.898129971697295,0.9649178295341578,0.8936596654311545,0.9036483757768237,0.9026452259554626,0.8947446065928264,227843,230471,24574,27112,254955,255045,0.23947225530503866,0.49991176470588233,0.9996471210962772,0.23947225530503866,0.695547989581748,0.9350202448867867,0.529557798069004,0.05005014175863081,0.9825456794064631,255.8124373119358,255.76730190571715,251.21564694082247,0.5541539910515619,0.5713341795882575,0.5804430603905256,0.9984105116588416,114655,0.9997647723086096,37841,0.9078,0.9136778115501519,0.9008991008991009,0.9072434607645875,0.9714551958996402,0.9008991008991009,0.9147147147147147,0.9136778115501519,0.9020730503455084,40581,41121,3834,4464,45045,44955,0.21775302206250755,0.5005,0.9980019980019982,0.7613868608393453,0.3860825161364945,0.33708841184682536,0.998375216989835,20281,0.9997628181103346,6728
22,0.0008751804792804149,0.0008751804792804149,0.008750680292617486,342.9740586280823,0.9000901960784313,0.9040631920043417,0.8951344354886156,0.8995766586781029,0.965550292214369,0.8951344354886156,0.905044207884883,0.9040631920043417,0.8961962704270412,228219,230827,24218,26736,254955,255045,0.2373617615180843,0.49991176470588233,0.9996471210962772,0.2373617615180843,0.6927088854783995,0.9300706469964838,0.533309944444817,0.05190035132902837,0.9831160214805951,255.8124373119358,255.76730190571715,251.38415245737212,0.5605107938512445,0.5813339969061005,0.6034190561966729,0.9984971144265715,114655,0.999753567668664,37841,0.9099888888888888,0.9092157731501994,0.9111333111333111,0.9101735321838443,0.9719853729730272,0.9111333111333111,0.9088421755088422,0.9092157731501994,0.9107668301382078,41042,40857,4098,4003,45045,44955,0.21702772014859048,0.5005,0.9980019980019982,0.7321684817698869,0.40068347921425645,0.3762682985400304,0.998556201487591,20281,0.9997863342078382,6728
23,0.0008646198293969954,0.0008646198293969954,0.00864497865279335,342.82569432258606,0.9005627450980392,0.9048853787536376,0.8951854248789002,0.900009266981744,0.9658026159592511,0.8951854248789002,0.9059381677743144,0.9048853787536376,0.8963332790230353,228232,231055,23990,26723,254955,255045,0.23649587112300494,0.49991176470588233,0.9996471210962772,0.23649587112300494,0.6973273643519479,0.9338232354749528,0.5262546441559806,0.05370317237847673,0.9828985354131107,255.8124373119358,255.76730190571715,251.33099297893682,0.5476207106904036,0.5593523814046918,0.574560436450739,0.9984732869191215,114655,0.9998115089237322,37841,0.9009777777777778,0.9285934571679358,0.868975468975469,0.8977958210050689,0.9682835053205423,0.868975468975469,0.9330441552663775,0.9285934571679358,0.8766484837084875,39143,41945,3010,5902,45045,44955,0.23260569961910899,0.5005,0.9980019980019982,0.7315059686926279,0.4675158455290578,0.4273536663164046,0.9983911476834092,20281,0.9997870690858852,6728
24,0.0008536998372026807,0.0008536998372026807,0.008535680352542147,343.36526322364807,0.9015098039215687,0.906211680483188,0.8956835519993724,0.9009168593228497,0.9663789372305628,0.8956835519993724,0.9073339998823737,0.906211680483188,0.8969175254934943,228359,231411,23634,26596,254955,255045,0.2346424603444284,0.49991176470588233,0.9996471210962772,0.2346424603444284,0.6988315366455162,0.9334739969899446,0.5259364631733182,0.05545823595415278,0.983165269282225,255.8124373119358,255.76730190571715,251.39919759277834,0.5459210417875537,0.5935944237165454,0.60924295078668,0.998479535098646,114655,0.9997417454730217,37841,0.8990333333333334,0.9210144248782316,0.8731490731490732,0.8964432643107044,0.965672540734269,0.8731490731490732,0.9249694138583028,0.9210144248782316,0.879186400541272,39331,41582,3373,5714,45045,44955,0.2417670547623526,0.5005,0.9980019980019982,0.7364101416685365,0.4857502591542222,0.4295184066294888,0.998460750287112,20281,0.9995547557632811,6728
25,0.0008424312794113804,0.0008424312794113804,0.008422893256090483,344.4481797218323,0.9023803921568627,0.9061771215666711,0.8976682159596792,0.9019026001150703,0.9669097594616264,0.8976682159596792,0.9070909055264758,0.9061771215666711,0.8986556038517862,228865,231349,23696,26090,254955,255045,0.23255408617295137,0.49991176470588233,0.9996471210962772,0.23255408617295137,0.6975344010556832,0.9300884872286346,0.5252751409409637,0.05716530853654598,0.9826551800784715,255.8124373119358,255.76730190571715,251.2527582748245,0.5478930441530867,0.5594124856312035,0.577262218004343,0.9985452033063584,114655,0.9997414054541207,37841,0.8978888888888888,0.9412054241626264,0.849017649017649,0.8927379257218889,0.9700419431283629,0.849017649017649,0.9468579690801913,0.9412054241626264,0.8622359065772682,38244,42566,2389,6801,45045,44955,0.23497552365403285,0.5005,0.9980019980019982,0.76216140457175,0.3801265640014952,0.3235422631261186,0.9987812108386864,20281,0.999882327652726,6728
26,0.0008308252767291644,0.0008308252767291644,0.008306728670685602,345.78713488578796,0.9025411764705882,0.9065132915829878,0.8976172265693946,0.9020433260807871,0.9670811994669655,0.8976172265693946,0.9074633888137388,0.9065132915829878,0.8986476254819509,228852,231444,23601,26103,254955,255045,0.23198210347141163,0.49991176470588233,0.9996471210962772,0.23198210347141163,0.6963439209530562,0.9283260244244678,0.5279895769079088,0.058824285818613146,0.9829390458411853,255.8124373119358,255.76730190571715,251.33400200601807,0.5515858647796638,0.5476049576010671,0.574394154036942,0.998576276311089,114655,0.9997716744016899,37841,0.9036111111111111,0.9117980072463768,0.8938838938838939,0.9027520878874502,0.968549864846161,0.8938838938838939,0.9133578022466912,0.9117980072463768,0.8957242582897034,40265,41060,3895,4780,45045,44955,0.2301004644991322,0.5005,0.9980019980019982,0.8156850656325166,0.40048550865189597,0.3228913753369479,0.998991220222973,20281,0.9999148460063053,6728
27,0.0008188932828794708,0.0008188932828794708,0.008187301236748578,353.75256872177124,0.9041098039215686,0.9088232376341739,0.8983075444686317,0.9035347956446268,0.9678627569922658,0.8983075444686317,0.9099100158795507,0.9088232376341739,0.8995058043760538,229028,232068,22977,25927,254955,255045,0.22914159708958093,0.49991176470588233,0.9996471210962772,0.22914159708958093,0.6976444807908719,0.9267860778804529,0.5244672959044561,0.06043518606374929,0.9827835648680348,255.8124373119358,255.76730190571715,251.27081243731195,0.5442126161946833,0.5697062361434344,0.6365335766598071,0.9986567410259104,114655,0.9997989413020372,37841,0.8852,0.9245199951082304,0.8391386391386392,0.8797625974630513,0.9634795780474794,0.8391386391386392,0.9313535757980203,0.9245199951082304,0.8524686959177441,37799,41869,3086,7246,45045,44955,0.25467678701335733,0.5005,0.9980019980019982,0.7059465982019901,0.5077351040460847,0.4533063858324764,0.998830977635985,20281,0.9998944531405014,6728
28,0.0008066470732996621,0.0008066470732996621,0.00806472881473806,352.6894881725311,0.9040941176470588,0.908301858376566,0.898903728108882,0.9035783563847404,0.9681244788535497,0.898903728108882,0.9092826756062655,0.908301858376566,0.8999739990608616,229180,231908,23137,25775,254955,255045,0.22828043548907775,0.49991176470588233,0.9996471210962772,0.22828043548907775,0.7010888497353557,0.9293692852244334,0.5169251998783713,0.06199814313230789,0.9821981759086482,255.8124373119358,255.76730190571715,251.12537612838514,0.5320250851982996,0.5445591035772818,0.5742919041265886,0.9987268150705433,114655,0.9998050514707535,37841,0.8974111111111112,0.9447369728279768,0.8444222444222445,0.8917673813403355,0.9707734564524688,0.8444222444222445,0.9505060616171728,0.9447369728279768,0.8591016928706422,38037,42730,2225,7008,45045,44955,0.23246389254927635,0.5005,0.9980019980019982,0.725337069820274,0.463532822037285,0.4940101720509105,0.998902948914683,20281,0.9999205413111695,6728
29,0.0007940987335200907,0.0007940987335200907,0.007939132368836224,353.03483867645264,0.9055529411764706,0.9100817438692098,0.8999941166088133,0.9050098208580827,0.9686475248905997,0.8999941166088133,0.9111098041522084,0.9100817438692098,0.9011249810951988,229458,232374,22671,25497,254955,255045,0.22638366674049687,0.49991176470588233,0.9996471210962772,0.22638366674049687,0.6991847069595857,0.9255683737000826,0.5201529117979281,0.06351339926252556,0.9831356113065877,255.8124373119358,255.76730190571715,251.38415245737212,0.5360753855795504,0.5197170513816339,0.5385006169877865,0.9986866787843178,114655,0.9998131160216156,37841,0.8995888888888889,0.9195563012677107,0.876012876012876,0.8972566140273088,0.9686565797676908,0.876012876012876,0.9232121009898787,0.9195563012677107,0.8813922867821951,39460,41503,3452,5585,45045,44955,0.2306277978826653,0.5005,0.9980019980019982,0.7186441617933187,0.45533387566154654,0.4959656284131334,0.9989414238787929,20281,0.9999000565856097,6728
